,J511,J411,J414,J415,J416,J417,J418,J419,J310,J311,J312,J313,J314,J315,J316,J318,J319,J210,J211,J212,J214,J217,J218,J219,J110,J420,J421,J422,J1153,J1154,J1155,J425,J426,J1157,J427,J1158,J428,J429,J320,J321,J322,J324,J1056,J327,J1058,J328,J329,J220,J221,J225,J226,J50,J51,J53,J54,J128,J55,J129,J56,J57,J58,J59,J1160,J1161,J431,J432,J433,J434,J435,J436,J438,J1169,J439,J330,J331,J332,J333,J334,J335,J336,J337,J231,J232,J233,J234,J236,J237,J130,J131,J132,J133,J60,J134,J135,J62,J64,J65,J66,J67,J68,J69,J1170,J441,J444,J341,J344,J345,J347,J348,J349,J241,J242,J243,J244,J245,J246,J247,J248,J249,J142,J143,J70,J144,J71,J72,J73,J74,J76,J77,J78,J350,J351,J352,J353,J354,J355,J358,J359,J250,J251,J252,J253,J254,J257,J154,J155,J82,J156,J83,J84,J85,J159,J86,J87,J89,J360,J361,J362,J363,J364,J365,J366,J1208,J367,J369,J160,J161,J162,J163,J164,J91,J165,J166,J167,J94,J95,J96,J97,J976,J571,J572,J573,J574,J575,J576,J370,J371,J372,J373,J374,J375,J376,J377,J1219,J379,J171,J172,J173,J174,J175,J177,J179,J580,J486,J487,J488,J489,J381,J1223,J382,J384,J385,J180,J181,J1024,J183,J1025,J186,J187,J188,J189,J490,J491,J492,J493,J494,J495,J496,J497,J498,J500,J499,J501,J502,J503,J504,J394,J509,J399,J401,J406,J295,J407,J296,J408,J297,J298,J191,J303,J192,J193,J305,J194,J195,J196,J308,J198,J200,J199,J201,J202,J203,J204,J205,J206,J207,J208,J101,J102,J109,J1,J2,J3,J4,J5,J6,J7,J8,J9,J10,J11,J12,J13,J14,J15,J16,J17,J18,J19,J20,J21,J22,J23,J25,J26,J27,J28,J29,J30,J31,J32,J33,J34,J35,J36,J37,J38,J24,J39,J40,J123,J140,J141,J157,J158,J168,J170,J176,J178,J184,J185,J190,J197,J213,J215,J216,J227,J238,J239,J255,J256,J258,J260,J265,J266,J267,J61,J92,J268,J278,J281,J283,J284,J136,J137,J145,J118,J52,J81,J88,J90,J93,J147,J148,J149,J150,J151,J152,J153,J169,J182,J222,J224,J230,J235,J240,J269,J273,J274,J276,J280,J285,J287,J288,J289,J290,J291,J292,J299,J300,J301,J302,J304,J306,J307,J309,J317,J323,R1,T3,T1,T7,T6,T5,T2,T4
0,29.965702,65.43603,34.59135,84.62807,99.21124,29.789974,28.908697,25.284548,53.802994,49.710014,36.435513,37.2501,58.65144,57.48746,60.834164,51.437557,65.81652,67.05984,62.816544,66.2044,65.42577,62.583477,66.39799,60.38941,63.470345,25.892494,29.815279,27.488697,50.72156,58.68585,57.692215,76.97867,68.38646,50.646683,74.12447,44.9022,51.475815,55.23156,59.375885,61.46757,58.036884,63.67295,66.55493,56.684418,56.985447,60.880947,68.107346,32.34767,7.5982995,60.370598,62.36684,32.85189,27.228374,22.118475,27.642332,48.64603,36.82057,70.47644,36.217125,50.474808,31.784985,53.0028,46.158733,45.79094,54.762527,51.50914,44.42837,57.3437,60.703213,50.263454,63.740395,73.42596,49.73833,47.248055,46.197784,21.36588,44.22928,40.61062,44.971333,46.51018,52.048584,37.6099,39.700275,64.01433,73.27584,54.087074,38.945213,39.999996,45.98061,61.157402,66.091606,56.613747,56.18901,67.086975,49.966106,24.978642,24.978605,38.305397,26.777393,34.4447,36.432495,74.30528,72.841064,43.87497,57.768147,74.14507,78.870926,74.44528,47.413933,73.85346,42.488686,47.489563,52.489532,42.2816,41.406544,57.146065,55.282887,58.340977,63.214382,69.410736,68.63453,37.432205,70.73434,30.60972,32.5514,27.6233,32.549446,37.398327,31.554329,44.031765,95.13903,84.753456,63.619762,88.17836,92.13362,80.39976,85.527954,90.04717,45.503403,63.453083,54.821613,59.146927,59.246716,32.960957,46.719402,45.96556,33.788513,34.610207,44.14434,80.388214,72.55191,51.520283,62.489887,82.10829,65.53936,86.738594,83.03092,68.618675,67.77432,74.50302,43.427776,58.96034,69.75585,59.70458,53.03816,46.657303,58.08013,44.009136,64.69419,63.5484,69.73232,64.20337,56.9395,56.979454,93.52908,56.82199,49.369854,45.155537,68.63672,59.626175,60.335403,52.24007,66.448,61.03478,56.031563,52.78104,70.53604,50.62815,46.608078,60.14382,51.126427,61.492035,60.70921,65.27029,63.1247,71.32751,74.04431,67.85696,74.312485,73.58369,67.54264,64.73428,21.998648,48.795784,55.635864,46.164474,49.8861,74.203224,70.58984,39.090294,70.088844,62.209137,71.374855,69.857506,69.11304,66.84274,66.3341,70.61121,70.31306,71.23823,72.16821,31.488548,59.77677,40.061832,57.67868,23.769545,45.588554,30.270517,22.528503,46.637486,59.349926,62.634308,54.03521,53.864235,35.389095,68.159904,71.311066,35.093674,66.841064,71.841064,70.10107,48.168026,73.841064,73.486755,67.12071,5.530649,27.33097,73.98763,54.68298,69.85892,69.268524,57.97836,67.41581,64.35929,67.54475,35.141556,54.757175,57.547195,57.037876,21.147404,63.549408,62.36951,48.789787,56.685215,59.182205,54.421745,62.878403,49.68948,32.32718,60.85973,64.074135,67.79258,42.026276,50.22828,48.63148,55.31653,45.78393,39.634846,39.07696,53.779865,55.01243,41.77985,38.46886,28.388702,39.001064,52.95106,59.091064,56.88106,50.901062,61.841064,61.841064,55.8393,62.95876,44.163345,61.944805,56.212723,39.962044,35.978878,66.2827,68.515755,39.967808,36.963966,34.97045,70.51628,33.903713,72.22473,37.96396,39.662582,28.4238,61.082573,85.86473,84.33474,82.82477,92.78607,98.39565,84.07171,77.41156,73.65092,65.420746,68.19685,80.59285,66.01957,82.884346,72.43673,48.715954,71.74894,74.26882,84.87069,85.53592,93.69975,89.28725,75.91546,96.429115,78.060326,89.119835,88.504456,35.43706,35.401436,34.91101,29.383524,49.877193,39.53994,56.207382,52.047924,71.03662,76.81473,32.791542,54.89385,34.935345,40.000004,54.641666,73.40743,68.73333,44.47685,54.482353,34.45295,73.512955,48.901016,73.51052,40.0,41.989105,48.931545,43.92013,75.05283,52.08222,48.031452,34.783176,34.789017,34.783176,2.975112,2.975112,2.970726,25.410227,25.351625,25.371197,25.33298,84.638374,89.303734,25.290075,25.310097,20.998587,20.935925,82.30555,82.072586,20.825039,20.825039,68.74237,68.74237,-1.2939453e-06,2.9999955,3.0000014,2.5000029,5.199999,1.000002,0.50000197,2.5000017
3600,30.378904,65.5642,34.831467,86.64996,101.50622,30.048883,29.173677,25.542387,54.715588,50.618332,37.186237,38.002182,58.764214,57.623398,60.942326,52.32436,66.70358,67.08794,62.83741,66.23206,65.476425,62.640045,66.42353,61.697647,63.751835,26.16013,30.07638,27.753677,50.885086,58.830753,57.8504,79.288055,70.706406,50.810265,76.42073,45.059593,53.663513,57.383015,60.315773,62.41961,58.989098,64.62616,66.63989,57.61893,57.887836,61.83655,69.28108,33.66852,8.242921,60.51432,62.583763,33.520565,27.892996,22.780268,28.524195,51.913246,37.671562,74.01406,37.139458,51.598885,32.62815,54.17476,46.872597,46.5135,55.401867,52.11178,44.636158,57.490242,61.26968,52.367348,63.8756,74.69759,51.975346,48.091442,47.033253,21.702332,44.55897,40.952415,45.262802,46.71747,52.030544,38.850784,40.941063,66.34609,75.49807,55.55187,40.40972,39.999996,49.192303,63.750935,68.70075,57.890236,58.355755,69.279106,51.134846,25.59798,25.597963,39.415905,27.618458,35.386242,37.377728,75.57704,75.134995,44.025436,57.867725,75.41688,80.143585,75.71704,48.698868,75.25966,43.792755,48.79337,53.793945,43.653713,42.69973,58.60152,56.671032,59.751892,64.5129,69.56609,68.791824,38.377525,70.901085,31.501432,33.46072,28.510902,33.45935,38.353878,32.462765,44.710625,96.38759,86.15978,64.89339,89.55306,93.509514,82.055984,87.54679,92.119026,46.79951,65.92648,57.29566,62.44561,62.54548,35.479874,46.962708,46.209137,34.46157,34.85053,45.004288,81.52705,73.80012,51.774055,63.79659,83.23829,68.8403,88.852844,84.57872,69.79694,70.13242,76.87864,43.58265,59.103836,70.941956,59.853848,53.189697,46.901093,58.38575,44.31507,64.99854,63.85457,73.03634,64.50798,57.245323,57.285286,94.87432,57.104664,49.65421,45.442432,68.793335,61.8374,62.54696,55.52762,69.758255,63.406883,58.20656,52.934647,72.917145,50.73193,46.711884,60.2427,51.224487,61.644703,60.81266,65.561264,63.370472,71.659164,74.38064,68.162544,74.64783,73.91864,67.844406,65.02372,22.473604,51.6496,58.60735,48.795727,52.740345,75.60505,70.61794,40.32937,71.27324,64.609,71.70706,70.167,69.26767,67.173874,66.4884,70.92915,70.64408,71.52985,72.45984,34.115757,61.998684,42.961914,60.41087,25.83009,47.736404,32.358772,23.096859,48.769085,59.823105,63.10557,54.44941,54.34425,35.788525,68.633095,73.604996,35.476402,69.134995,74.134995,72.395,48.847824,76.134995,74.21465,67.27934,6.097861,28.029896,74.27944,55.570934,70.15669,69.56642,58.869995,67.71992,64.65058,67.84892,35.40573,54.903667,57.69368,57.181015,21.472868,63.617756,62.434566,48.995144,56.83339,59.331257,54.5772,62.876625,49.943314,32.618454,61.11221,64.3785,68.08516,42.74833,50.998737,49.33792,56.218582,46.646088,40.44883,39.828182,55.74084,55.170643,41.99572,38.6899,28.653677,41.295,55.245,61.385,59.175,53.194996,64.134995,64.134995,58.211445,65.35479,46.79389,64.57471,58.843536,39.97859,35.988087,68.91353,71.14525,39.981846,36.97968,34.983334,73.145546,33.910812,74.79997,37.979668,39.628136,28.336027,61.16932,87.21086,85.68086,84.17089,94.13192,99.7416,85.41641,78.756294,74.99374,66.7636,69.54051,81.93324,67.31778,84.13464,73.73551,50.02102,72.98606,75.51296,86.10462,86.77082,94.93796,90.513176,77.160286,97.67765,79.314735,90.37027,89.880135,36.38092,36.356045,35.59007,30.471048,50.99799,40.659534,57.332455,55.34108,71.36869,78.160866,33.63644,56.178814,34.96353,40.000004,57.115685,75.98585,70.945786,44.495655,54.49877,34.482178,76.951836,49.38012,76.95046,40.0,41.99385,49.39734,44.390903,75.9534,52.97539,48.415157,35.023384,35.02918,35.023384,2.9753258,2.9753258,2.9709773,25.693632,25.636854,25.655964,25.619083,86.659904,90.52915,25.577225,25.596624,21.346113,21.284489,83.40034,83.1726,21.175436,21.175436,69.92441,69.92441,-1.2939453e-06,3.5126524,2.8186543,2.9971633,5.4657593,1.5632048,0.72938794,2.7563396
7200,30.985947,65.572044,34.981842,87.259544,102.17604,30.242058,29.387245,25.770262,56.85011,52.75223,38.783154,39.599297,58.764114,57.628468,60.91585,54.22698,68.60624,67.043625,62.790836,66.187935,65.445564,62.621162,66.378654,62.601143,63.8012,26.3834,30.275805,27.967245,50.923542,58.848457,57.872063,79.96106,71.38173,50.848907,77.09083,45.08631,54.126312,57.837734,62.655426,64.76101,61.330517,66.96773,66.62645,60.035656,58.048878,64.361244,74.08215,34.57605,9.558915,60.495773,62.58153,34.882,29.245071,23.470915,29.292091,52.645863,38.42988,74.74118,37.92209,52.449356,33.38373,55.040062,46.990887,46.63373,55.509163,52.20488,44.718513,57.51433,61.37114,52.811466,63.88965,75.91123,52.44913,50.05059,48.9643,22.064365,44.724567,41.12071,45.419884,46.855785,51.969925,45.87761,47.96788,67.03961,76.1925,56.500454,41.358036,39.999996,49.923504,64.46522,69.41578,58.78579,59.050568,69.97379,51.999146,26.27326,26.273233,40.25724,28.373297,36.173252,38.165924,76.79081,75.80459,44.044987,57.892826,76.630684,81.358086,76.9308,55.587723,81.37717,44.693604,49.694126,54.69524,44.571583,43.59785,59.548237,57.597637,60.685978,65.40932,69.58101,68.807175,39.165745,70.91855,32.272484,34.237408,29.280642,34.236237,39.145374,33.239174,46.064747,97.58181,92.27576,70.62851,95.31267,99.269295,88.208,93.75109,98.33096,47.69822,66.62177,57.990982,63.17835,63.278225,36.176323,47.00852,46.254997,35.833588,34.895782,46.903038,82.325,74.66205,51.82168,64.699135,84.0311,69.57423,95.07089,90.715096,74.647125,70.81616,77.56624,43.605305,59.11969,75.8795,59.872997,53.20988,46.946987,58.442028,44.37142,65.054535,63.910965,73.77042,64.564026,57.301643,57.341606,96.16294,57.154316,49.70426,45.4931,68.80853,62.53452,63.2441,56.260906,70.49263,64.11125,58.90201,52.957073,73.60596,50.704483,46.68444,60.214157,51.195763,61.628147,60.78514,65.61325,63.374672,71.72172,74.4444,68.21883,74.71135,73.98208,67.89962,65.07529,23.084219,52.37341,59.336823,49.50891,53.46446,81.764046,70.57362,47.367287,76.202156,65.301956,71.76976,70.22424,69.28243,67.2363,66.50309,70.98815,70.70649,71.58198,72.51198,34.82891,62.696278,43.68428,61.13076,26.522467,48.431305,33.051865,23.712376,49.463173,60.432884,63.715263,55.056347,54.95436,36.39475,69.242874,74.27458,36.081566,69.80459,74.80459,73.06458,50.202087,76.80459,75.57584,67.29516,7.2308803,29.488598,74.33161,57.473713,70.21177,69.62153,60.773304,67.77585,64.70264,67.90487,35.6355,54.921906,57.71192,57.198505,21.8138,63.59526,62.423717,49.134243,56.851704,59.350327,54.5977,62.821873,49.985107,32.670174,61.153637,64.4345,68.137566,42.86849,51.13274,49.458942,56.379547,46.798164,40.589947,39.95498,56.153103,55.20563,42.09546,38.802406,28.867245,41.964584,55.914585,62.054585,59.844585,53.864586,64.80459,64.80459,58.90462,66.0469,47.491875,65.27267,59.54153,39.97939,35.988525,69.61153,71.84318,39.982513,36.98043,34.983955,73.84347,33.911156,75.49778,37.98043,39.56123,28.248749,61.13807,88.50023,86.97022,85.46024,95.42107,101.0308,86.70458,80.04449,76.28033,68.050224,70.82779,83.21778,68.56682,85.343376,74.98505,51.275837,74.1837,76.70994,87.28655,87.95357,96.123474,91.68707,78.35785,98.871864,80.51389,91.56607,95.63989,37.168667,37.147243,36.944206,31.111187,51.639736,41.301228,57.974407,56.07431,71.43135,79.450226,34.392635,63.06767,34.96489,40.000004,57.81101,76.683815,71.642975,44.496567,54.49956,34.48359,77.69241,49.40321,77.69109,40.0,41.994083,49.419785,44.41359,77.858,54.878933,49.020367,35.06862,35.074394,35.06862,2.975363,2.975363,2.9710238,25.925116,25.870174,25.88775,25.851162,87.26941,91.70253,25.812475,25.831242,21.732988,21.676615,84.17483,83.94982,21.576859,21.576859,74.841286,74.841286,-1.2939453e-06,4.047215,2.6957176,3.963523,5.499999,2.2180765,0.970643,3.3531682
10800,31.746756,65.847145,35.288136,89.16306,104.33392,30.545124,29.686316,26.051132,53.670265,49.567,37.334145,38.151997,59.22504,58.103302,61.099472,51.85183,66.23142,67.17918,62.919582,66.32517,65.648056,63.047306,66.512665,65.21696,64.169624,26.680382,30.577925,28.266315,51.79502,59.46948,58.514767,82.13237,73.562874,51.72323,79.24991,45.79343,55.666245,59.355907,58.762035,60.88291,57.45264,63.091087,66.87317,55.834854,58.816772,59.792213,61.27411,37.203888,9.010492,60.700745,62.830452,33.96078,28.35079,24.388933,30.663311,55.301636,39.785294,77.529945,39.447998,54.46665,34.72088,57.192314,47.64866,47.296734,56.126747,52.7962,45.02792,57.797737,61.93768,54.301083,64.16792,77.27753,54.018673,47.40702,46.412823,27.277308,47.104652,43.508064,47.777023,49.162373,52.056847,33.39603,35.48618,69.25783,78.35064,59.20961,44.0631,39.999996,52.551826,66.80084,71.75913,61.27346,61.178066,72.11541,54.142197,27.093592,27.093575,42.320335,29.705614,37.601406,39.597584,78.15722,77.961494,44.65759,58.842644,77.99713,82.72525,78.29722,43.041092,68.730965,47.303753,52.30403,57.309444,47.199646,46.19014,62.271057,60.274105,63.397003,68.08174,69.87393,69.10127,40.597492,71.218315,33.653095,35.634827,30.657349,35.634216,40.586876,34.63575,45.18838,98.928764,79.62836,57.735126,82.516304,86.474434,75.874954,81.874146,86.5207,50.30403,68.91374,60.28326,65.849625,65.94956,38.490788,47.30395,46.550755,34.88322,35.187542,44.494106,85.78859,77.66764,52.13084,67.321884,87.53089,72.2467,83.31396,78.24565,61.660835,73.03285,79.79923,44.255146,59.693523,62.575245,60.49328,53.832794,47.243027,58.821995,44.751568,65.43373,64.29125,76.4444,64.94338,57.681725,57.721695,97.600624,57.523567,50.074696,45.865402,69.10221,64.68486,65.39461,58.926743,73.16972,66.33966,61.034607,53.612495,75.84406,50.885475,46.86544,60.392197,51.373314,61.838486,60.96593,65.987305,63.640915,72.124504,74.84963,68.59908,75.115005,74.38551,68.277794,65.44813,23.898346,54.8272,61.848946,51.851357,55.91949,69.12254,70.709175,34.89292,62.805244,67.557526,72.17293,70.60759,69.57492,67.638794,66.79538,71.38141,71.108925,71.95642,72.88642,37.168705,64.8518,46.158493,63.53131,28.583242,50.547993,35.13032,24.600786,51.568913,61.218136,64.49957,55.812366,55.743004,37.143444,70.02814,76.431496,36.814556,71.961494,76.961494,75.2215,49.326904,78.961494,74.76117,67.590225,7.2902718,28.481821,74.70617,55.100014,70.58055,69.990395,58.40423,68.15497,65.07688,68.283966,39.11757,55.54302,58.333023,57.819267,26.74696,63.866165,62.9437,51.45718,57.456337,59.97098,55.222202,62.926136,50.337364,33.045815,61.50489,64.813705,68.51278,43.531124,51.825325,50.11502,57.147236,47.541897,41.306618,40.634895,57.55691,55.49407,42.403896,39.109493,29.166315,44.121494,58.071495,64.211494,62.001495,56.021496,66.961494,66.961494,61.145004,68.2989,49.861454,67.64193,61.911247,39.987583,35.99309,71.98124,74.212234,39.98947,36.988216,34.990337,76.21241,33.914673,77.840096,37.988216,39.631298,28.264906,61.308826,89.93865,88.40865,86.89867,96.85925,102.46907,88.141815,81.481735,77.71598,69.48591,72.26414,84.65139,69.96505,86.70144,76.383766,52.679825,75.5307,78.05928,88.62123,89.28907,97.46174,93.013054,79.707756,100.218796,81.86576,92.9146,82.844765,38.599007,38.587856,36.068085,32.22895,52.773994,42.434887,59.110786,58.74291,71.83441,80.88865,35.73376,50.521057,34.97886,40.000004,60.10328,79.0277,73.79393,44.505886,54.50769,34.498074,80.43325,49.64069,80.43246,40.0,41.996437,49.650673,44.646942,75.50015,52.51179,49.75383,35.36025,35.365967,35.36025,2.9756234,2.9756234,2.971326,26.237724,26.184769,26.201624,26.166283,89.1726,93.027954,26.12915,26.147242,27.280455,27.280455,87.76667,87.527985,27.280455,27.280455,61.315247,61.315247,-1.2939453e-06,4.6007442,2.6184015,4.5823593,5.4525785,2.9093273,1.2047124,3.9630938
14400,31.381569,66.4517,36.976467,69.633354,92.033356,32.593987,31.912569,27.867998,52.893013,48.789745,36.52467,37.34252,59.638935,58.524956,61.426357,51.06622,65.44581,67.47923,63.211956,66.6287,66.03597,63.35817,66.811874,65.63447,64.78269,28.991459,32.68056,30.492569,52.227234,59.899372,58.948666,70.213356,61.923355,52.155262,66.98335,46.235287,57.117085,60.7946,57.990353,60.111217,56.68095,62.319397,67.35638,55.06186,60.050022,59.02374,60.55103,37.618114,8.17685,61.039543,63.19377,33.146755,27.535816,25.18186,31.341846,48.71705,40.468807,70.96047,40.091557,54.997284,35.408817,57.69526,48.836517,48.487503,57.227345,53.952965,46.145226,58.512432,62.84535,55.72384,64.814705,79.17399,55.486034,46.614567,45.618694,27.65574,47.492584,43.90005,48.152145,49.509293,52.295906,32.732506,34.822655,60.42474,70.62913,59.614384,44.469574,39.999996,45.96291,59.87435,64.834045,61.71266,54.006756,64.698586,54.647022,27.911346,27.911337,42.85284,30.394764,38.26441,40.25963,80.05373,65.633354,45.106606,59.163998,79.893654,84.62207,80.193726,42.36588,68.03299,47.725094,52.725437,57.7294,47.614468,46.613937,62.6695,60.67735,63.795853,68.49775,70.48573,69.71372,41.259518,71.83393,34.329063,36.30622,31.334385,36.305447,41.246243,35.307365,44.373398,100.817116,78.93014,57.030136,81.81342,85.77154,75.17673,81.17593,85.82247,50.725857,59.395554,50.765125,59.267174,59.367115,28.976158,47.764156,47.011497,34.07003,35.641987,43.708496,86.166916,78.06327,52.61391,67.73913,87.90791,65.66498,82.61574,77.547424,60.93872,62.403355,69.633354,44.701466,60.14439,61.854797,60.93467,54.27918,47.70421,59.42697,45.356644,66.038284,64.8964,69.862946,65.54802,58.286766,58.326748,99.31221,58.137196,50.689102,46.48112,69.71443,57.570515,58.280293,52.343822,66.58882,59.302773,53.90469,54.05454,65.82336,51.21089,47.19087,60.71597,51.696815,62.180283,61.291233,66.60019,64.0139,72.75069,75.475586,69.20463,75.73865,75.00904,68.88383,66.06032,23.299202,48.135593,55.167847,45.228188,49.225563,68.4253,71.00923,34.230988,62.084797,58.033356,72.79927,71.21555,70.18648,68.26497,67.40682,72.00339,71.73506,72.56952,73.49952,30.552755,57.743343,39.544758,56.71008,22.002844,43.56548,28.407543,23.650518,44.60452,60.912136,64.193405,55.501102,55.43762,36.83086,69.72213,64.103355,36.56843,59.633354,64.633354,62.893353,48.51192,66.633354,73.9462,68.202675,6.435794,27.660645,75.31933,54.314407,71.16535,70.57523,57.61862,68.75966,65.68986,68.88846,39.479767,55.976883,58.766895,58.246933,27.12489,64.26132,63.256676,51.803947,57.902527,60.41133,55.664696,63.18721,50.951252,33.664066,62.11826,65.41827,69.12624,44.72106,52.993355,51.249687,58.380375,48.76167,42.51803,41.83214,58.931786,56.283733,43.668354,40.483498,31.39257,31.793354,45.743355,51.883354,49.673355,43.693356,54.633354,54.633354,51.90206,58.673355,40.354916,58.135334,52.40473,39.989063,35.99392,62.47473,64.705605,39.99073,36.98962,34.99149,66.70576,33.915314,68.32983,37.98962,39.85337,28.434185,61.628532,91.65055,90.12055,88.61057,98.57107,104.18091,89.85322,83.19316,79.42672,71.19666,73.975174,86.36128,71.66011,88.37964,78.079025,54.377293,77.204285,79.85668,90.50444,91.172615,99.34645,94.90287,81.5054,102.10714,83.756165,94.803604,82.14188,39.26142,39.24746,35.2531,31.68449,52.232502,41.89329,58.569675,52.160324,72.46067,82.600555,36.420708,49.84584,34.98138,40.000004,50.585144,69.51772,66.679695,44.507572,54.509163,34.500687,73.86384,49.68347,73.863144,40.0,41.996864,49.69226,44.688976,74.714554,51.726185,49.507797,35.81448,35.820107,35.81448,2.9760234,2.9760234,2.9718003,28.897724,28.843258,28.897724,28.897724,69.633354,94.91819,28.786057,28.804665,27.658876,27.658876,88.143745,87.905045,27.658876,27.658876,60.594795,60.594795,-1.2939453e-06,5.1841598,2.6984012,3.7087848,5.2478375,3.7600474,1.5858566,4.2337933
18000,30.669296,67.95278,39.264362,68.94188,91.34188,35.152397,34.605774,30.12435,52.073627,47.970737,35.696648,36.514385,61.14903,60.0315,62.68066,50.241062,64.620636,68.7458,64.449684,67.91392,67.42628,64.80377,68.078835,57.536373,66.05359,31.749239,35.279648,33.185772,53.93907,61.482956,60.541496,69.52188,61.23188,53.8685,66.29188,47.867943,58.34226,62.02533,57.17414,59.293957,55.863667,61.50203,68.80417,54.245667,61.595196,58.20926,59.76065,29.519278,7.3442683,62.288403,64.43142,32.31248,26.701328,25.130953,29.844942,48.032227,38.88908,70.276,37.821323,50.64206,33.897625,52.610947,50.417526,50.067184,58.78033,55.554165,48.00634,60.090176,64.31881,56.96185,66.34517,60.85295,56.70366,45.79108,44.794773,31.642948,49.926857,46.332474,50.592274,51.96232,53.30493,31.9947,34.084858,59.73306,69.93711,51.298546,36.15839,39.999996,45.27778,59.185745,64.145584,54.55186,53.314575,64.00648,49.61306,28.189396,28.189377,37.691994,28.90025,36.764008,38.75901,61.732643,64.94188,46.696854,60.893803,61.57254,66.300644,61.872635,41.6124,67.25195,39.545666,44.54603,49.54189,39.419506,38.56319,54.314835,52.382385,55.380497,59.553024,71.95824,71.18592,39.758892,73.30469,32.831593,34.807705,29.837147,34.806908,39.74502,33.808907,43.537674,82.50484,78.148735,56.24883,81.029564,84.98758,74.37358,80.34122,84.983154,42.560867,58.704533,50.074116,58.58245,58.682384,28.28539,48.668102,47.91651,33.236008,36.534565,42.885674,65.71959,64.545456,53.56511,59.536354,66.90945,64.980415,81.77272,76.753716,60.148853,61.71188,68.94188,46.30761,61.71901,61.06581,62.52617,55.87341,48.610115,60.637028,46.566654,67.248535,66.106384,69.17841,66.75824,59.496796,59.536777,85.43614,59.407993,51.95977,47.75175,71.18674,56.878677,57.588463,51.659122,65.90436,58.6123,53.212536,55.66257,65.13188,52.465866,48.44584,61.9717,52.95267,63.427773,62.54626,67.854996,65.24713,73.97663,76.69462,70.41572,76.95384,76.22429,70.10237,67.31598,22.587906,47.448776,54.482235,44.539513,48.538742,67.645096,72.2758,33.495647,61.295815,57.34188,74.02474,72.427246,71.65908,69.49158,68.879486,73.23953,72.9617,73.824234,74.75423,29.863987,57.051598,38.857822,56.022495,21.31002,42.873215,27.714897,22.940367,43.912136,60.200386,63.48162,54.788746,54.72593,36.118355,69.010376,63.41188,35.85559,58.94188,63.94188,62.20188,47.67611,65.94188,73.1062,69.67016,5.600831,26.83035,76.574005,53.489147,72.330864,71.740715,56.793045,69.97063,66.94463,70.09874,42.55919,57.562958,60.35297,59.827736,30.96299,65.68373,64.75376,54.274216,59.488895,62.001896,57.254288,64.290764,52.268932,34.93517,63.43682,66.62852,70.380005,46.30051,54.543118,52.80066,59.925602,50.313007,44.079292,43.405964,60.191685,57.91411,45.639473,42.536964,34.085777,31.101881,45.05188,51.19188,48.98188,43.00188,53.94188,53.94188,51.210503,57.98188,39.664623,57.445034,51.714447,39.98923,35.99401,61.78444,64.015305,39.990868,36.98978,34.991623,66.01545,33.91538,67.63936,37.98978,40.77554,29.084888,62.88612,77.77415,76.24415,74.73416,84.69476,90.30457,75.97735,69.31728,65.55157,57.321495,60.09971,72.487045,57.801907,74.53964,64.220604,40.516483,63.369286,63.490692,72.197716,72.86553,81.03811,76.35772,65.139145,83.79487,65.441666,76.49061,81.35793,37.760883,37.746296,34.41736,30.979446,51.52779,41.188572,57.86501,51.475643,73.686134,68.724144,34.895515,49.09236,34.98167,40.000004,49.894135,68.82729,65.98788,44.507767,54.50933,34.500984,73.18069,49.688354,73.18,40.0,41.99691,49.697014,44.693775,73.8882,50.90048,48.794956,36.70665,36.71209,36.70665,2.9768047,2.9768047,2.9727166,31.73924,31.73924,31.73924,31.73924,68.94188,76.35772,31.73924,31.73924,31.822948,31.822948,65.539444,65.539444,31.822948,31.822948,59.805813,59.805813,-1.2939453e-06,5.1503944,2.8880036,2.8718686,5.016159,4.468339,2.3855288,3.5181813
21600,30.951883,66.73658,37.303864,88.56595,103.17549,32.947205,32.28065,28.539446,55.297077,51.198605,37.56496,38.381294,59.987698,58.86188,61.758816,52.829628,67.20893,67.85259,63.588234,67.00256,66.38521,63.75211,67.18654,57.01567,64.908554,29.366804,33.038048,30.86065,52.598396,60.24973,59.294666,80.944305,72.35312,52.52679,78.088844,46.586468,56.304283,60.00032,60.96551,63.072815,59.64235,65.279686,67.677376,58.29018,59.886993,62.545467,70.724434,28.994892,8.509574,61.35383,63.470657,33.803238,28.171658,24.738688,29.390903,53.49556,38.444565,75.63646,37.36218,50.144196,33.454956,52.106365,48.76587,48.41241,57.19259,53.938553,46.433674,58.79723,62.860886,54.953854,65.09955,60.131207,54.648033,48.60261,47.533947,28.471724,47.97204,44.373318,48.65113,50.051292,52.685333,39.94696,42.03722,67.870834,76.942764,50.72647,35.586266,39.999996,50.764446,65.22829,70.18122,54.034508,59.76046,70.70183,49.10892,27.809753,27.809734,37.204914,28.458157,36.292484,38.286407,61.010807,76.805214,45.447628,59.5986,60.850685,65.57823,61.150806,49.853367,76.62693,39.026974,44.02741,49.022377,38.873558,38.048283,53.746273,51.828426,54.82612,59.035923,70.74511,69.9721,39.28627,72.08749,32.374664,34.345615,29.381426,34.344646,39.269394,33.347084,44.993336,81.79817,87.527405,66.26876,90.97098,94.92777,83.49485,89.08901,93.67635,42.045464,67.514824,58.88413,64.03316,64.13305,37.07655,47.824795,47.07223,34.74867,35.70179,45.501904,65.199585,64.02671,52.679302,59.01565,66.38941,70.42913,90.42226,85.98667,71.2561,71.74466,78.47506,45.045643,60.483517,72.42915,61.278522,54.62145,47.765022,59.52215,45.45167,66.13411,64.99131,74.625786,65.643715,58.381847,58.42182,84.68918,58.26234,50.813244,46.60371,69.97316,63.24872,63.958344,57.113773,71.34895,64.846115,59.61142,54.40084,74.50861,51.54558,47.52555,61.053173,52.03443,62.49,61.6261,66.71571,64.27605,72.83198,75.55254,69.29986,75.8157,75.08627,68.98339,66.17719,23.07634,53.16227,60.143627,50.25789,54.253807,76.96249,71.3826,41.422504,72.77092,66.18352,72.88007,71.3084,70.44622,68.34672,67.66674,72.09623,71.81687,72.684715,73.614716,35.577538,63.411797,44.476326,61.909073,27.179096,49.12742,33.721786,23.74362,50.15487,60.404186,63.68628,55.018665,54.92671,36.354816,69.21418,75.275215,36.034313,70.805214,75.805214,74.06521,49.130814,77.805214,74.51135,68.45834,6.2881007,28.353607,75.43443,56.07653,71.25451,70.664314,59.376637,68.8558,65.80524,68.98438,40.130135,56.324738,59.114746,58.599026,27.913242,64.60984,63.657547,52.348328,58.244045,60.755566,56.005657,63.571167,51.1069,33.78404,62.275078,65.51409,69.24042,44.646317,52.89453,51.18204,58.21752,48.6192,42.39791,41.742836,58.23483,56.569035,43.96693,40.790184,31.76065,42.96521,56.91521,63.05521,60.84521,54.86521,65.805214,65.805214,59.7657,66.93277,48.409996,66.1907,60.459698,39.98191,35.98993,70.52969,72.76114,39.984653,36.98283,34.98592,74.76139,33.912243,76.4069,37.982822,40.246925,28.84097,61.971935,77.0266,75.4966,73.98662,83.94739,89.55714,75.23073,68.57064,64.80618,56.57608,59.35377,71.74325,57.08567,73.85471,63.503986,39.795765,62.69297,62.80026,71.50062,72.167786,80.3382,75.660614,64.448265,83.08823,64.73118,75.78273,91.29834,37.288677,37.27094,35.872833,31.19667,51.73029,41.3916,58.065613,56.92811,72.54156,67.9766,34.45239,57.33331,34.969185,40.000004,58.704155,77.593414,72.35736,44.49943,54.502056,34.488045,78.568344,49.476234,78.56718,40.0,41.99481,49.490784,44.485344,76.46259,53.482475,48.973255,35.874252,35.87987,35.874252,2.9760747,2.9760747,2.971861,29.178988,29.178988,29.140087,29.102001,88.57622,75.660614,29.178988,29.178988,28.508802,28.440805,65.01941,65.01941,28.320475,28.320475,71.436676,71.436676,-1.2939453e-06,4.9452066,3.1281424,3.1178627,5.1361423,4.1057568,3.1175072,3.2495186
25200,31.616493,66.73179,37.459606,88.707565,103.295784,33.171978,32.541924,28.857916,57.48915,53.39103,39.13504,39.951256,60.00432,58.862106,61.754944,54.745167,69.12445,67.9054,63.644794,67.056145,66.418816,63.807278,67.24115,55.905266,64.76489,29.645718,33.27361,31.121922,52.612312,60.25952,59.297554,81.06348,72.47145,52.54087,78.20903,46.592472,54.8981,58.6198,63.400265,65.50654,62.07606,67.71332,67.69289,60.818428,59.486584,65.20068,76.08855,27.867964,9.756205,61.32479,63.389805,35.118507,29.476358,24.203018,28.578768,53.486732,37.675087,75.5776,36.527218,49.13595,32.693737,51.068047,48.50592,48.1463,56.9554,53.76003,46.481777,58.80282,62.6023,53.607002,65.09877,59.200577,53.206955,50.593002,49.491695,28.646727,47.969555,44.362263,48.675697,50.135452,52.75752,47.970795,50.061054,68.00161,77.10355,49.38617,34.245808,39.999996,50.76544,65.33278,70.28303,52.939068,59.936413,70.87087,48.07263,27.330564,27.330536,36.244938,27.699476,35.40212,37.39121,60.080055,76.92558,45.450756,59.661186,59.919888,64.64669,60.220047,57.681103,83.47015,37.925552,42.926334,47.91731,37.65018,36.96381,52.421722,50.569164,53.565033,57.94161,70.71723,69.942856,38.390945,72.05154,31.549616,33.49749,28.561754,33.49574,38.36067,32.50011,46.296844,80.88786,94.368774,72.71365,97.402336,101.359024,90.3152,95.87886,100.46175,40.95874,67.614006,58.9832,64.01865,64.11853,37.16768,47.687305,46.934593,36.075806,35.565945,47.419704,64.092285,62.92508,52.536537,57.905235,65.281975,70.41442,97.20408,92.81614,76.67867,71.86003,78.58905,45.04897,60.487904,77.95581,61.28307,54.62473,47.627274,59.354984,45.284286,65.96785,64.82377,74.61054,65.47727,58.214546,58.25451,83.72454,58.117764,50.667374,46.455868,69.9444,63.417152,64.12673,57.101376,71.332634,64.987625,59.785976,54.405457,74.62218,51.544815,47.52477,61.055878,52.037716,62.45463,61.625565,66.56321,64.174774,72.64442,75.36099,69.13265,75.62492,74.895775,68.81977,66.02608,23.722551,53.225662,60.18667,50.361355,54.316826,83.85709,71.4354,49.460262,78.287735,66.29562,72.692024,71.1381,70.41885,68.159584,67.6396,71.92044,71.629814,72.53176,73.461754,35.681343,63.578465,44.532257,61.991108,27.382301,49.308628,33.91791,24.363535,50.339855,61.06021,64.34263,55.684887,55.581543,37.023594,69.8702,75.395584,36.708405,70.92558,75.92558,74.185585,50.43423,77.92558,75.81072,68.42751,7.324307,29.764534,75.28134,57.99197,71.09056,70.50029,61.291775,68.68976,65.65251,68.81824,40.248585,56.332542,59.122555,58.609524,28.078474,64.638245,63.71367,52.433704,58.247925,60.76039,56.005955,63.636868,50.988758,33.632774,62.158127,65.34781,69.08653,44.380287,52.57655,50.90326,57.81735,48.247265,42.062965,41.45512,56.98914,56.582333,44.043083,40.887882,32.021923,43.085587,57.035587,63.175587,60.965588,54.985584,65.92558,65.92558,59.885406,67.045166,48.481167,66.26196,60.53081,39.979046,35.98834,70.6008,72.83249,39.982227,36.980114,34.98369,74.83279,33.91102,76.48806,37.980106,40.324223,28.93448,61.98323,76.06118,74.53119,73.02121,82.982216,88.591896,74.26656,67.60645,63.843674,55.61354,58.390537,70.78289,56.16246,72.973694,62.58027,38.86651,61.823563,61.91182,70.60318,71.2695,79.43701,74.76318,63.559227,82.177925,63.815697,74.87076,97.729614,36.39529,36.36345,37.176315,31.736935,52.264797,41.926304,58.599373,56.91469,72.35362,67.01118,33.689133,65.16105,34.96431,40.000004,58.803226,77.67403,72.52558,44.496178,54.499218,34.482986,78.52977,49.393368,78.52843,40.0,41.99398,49.410213,44.403915,78.376976,55.397488,49.647175,35.738476,35.74412,35.738476,2.9759583,2.9759583,2.9717214,29.457417,29.457417,29.41841,29.380217,88.717865,74.76318,29.457417,29.457417,28.696396,28.634384,63.911972,63.911972,28.524652,28.524652,76.93977,76.93977,-1.2939453e-06,4.7107096,3.2495117,3.96223,5.499999,3.7028883,3.550881,3.9649541
28800,31.118393,67.90413,39.71437,66.938416,89.33841,35.798733,35.354233,31.13606,51.30867,47.21881,35.61013,36.42372,61.145847,59.98638,62.61128,49.522026,63.900806,68.82135,64.54107,67.98828,67.44743,64.874405,68.159004,54.824894,65.66769,32.546944,35.95634,33.934235,53.92339,61.467216,60.515274,67.51841,59.228413,53.853085,64.288414,47.838802,54.60097,58.34966,56.358227,58.44107,55.01025,60.64561,68.79127,53.477535,60.234932,57.365265,58.482887,26.775259,7.84088,62.15464,64.16514,32.13562,26.546518,23.55142,27.720922,45.149418,36.84907,67.172005,35.652332,48.131786,31.87389,50.041447,49.402176,49.036076,57.88627,54.741463,48.15042,60.080635,63.512558,53.372288,66.311485,57.836166,52.873096,45.352757,44.39174,31.68698,49.76472,46.14841,50.499325,52.021774,53.48705,30.497526,32.587975,57.758224,68.00834,48.134274,32.9938,39.999996,42.44293,56.901234,61.847206,51.869858,51.409405,62.090366,47.047558,26.721123,26.721085,35.27679,26.881517,34.485905,36.471394,58.71544,62.93841,46.66193,60.961765,58.555225,63.280853,58.855442,40.00259,65.54946,36.851887,41.85292,46.84091,36.485527,35.90278,51.181576,49.37774,52.372242,56.873245,71.8517,71.075874,37.47105,73.17752,30.682144,32.61278,27.698282,32.610455,37.430763,31.616268,43.33954,79.555374,76.44191,54.844635,79.37066,83.32505,71.90627,76.77053,81.25116,39.896023,56.637043,48.006065,55.67316,55.77301,26.178581,48.30621,47.55425,33.04216,36.177,42.248363,63.014233,61.851254,53.18913,56.824856,64.20381,62.06797,77.91172,74.61639,58.86207,59.708412,66.938416,46.273434,61.686245,59.763493,62.49458,55.839027,48.24756,60.19487,46.12394,66.808685,65.66324,66.26325,66.31791,59.054283,59.094227,82.3067,59.01982,51.56839,47.35546,71.07793,54.938236,55.647717,48.75859,62.983635,56.527138,51.30459,55.631466,63.12841,52.404408,48.384342,61.91913,52.901573,63.277813,62.485405,67.44786,64.92862,73.48434,76.19253,69.97352,76.453606,75.72473,69.6688,66.91217,22.926434,44.924698,51.8535,42.207153,46.014652,65.94371,72.35136,32.026733,59.993492,55.338413,73.53128,71.97743,71.553856,69.000374,68.774864,72.775894,72.470665,73.41594,74.34592,27.537785,55.10152,36.293114,53.61156,19.480095,40.97973,25.864443,23.146513,42.0308,60.609776,63.892723,55.250595,55.129246,36.593338,69.41976,61.408413,36.367596,56.93841,61.93841,60.19841,47.47512,63.93841,72.75883,69.55623,6.658459,27.023678,76.16538,52.766613,71.89776,71.307396,56.059322,69.53132,66.536934,69.659195,42.613564,57.541035,60.331055,59.816994,31.007086,65.69713,64.82361,54.337337,59.45544,61.9711,57.211887,64.43515,51.944542,34.530403,63.115303,66.18863,69.96951,45.270187,53.416943,51.787712,58.565956,49.02558,42.88062,42.322315,56.86086,57.932705,45.862637,42.820457,34.834232,29.098412,43.048412,49.18841,46.978413,40.998413,51.93841,51.93841,49.21868,55.978413,37.46271,55.24369,49.512283,39.974514,35.985817,59.582275,61.81432,39.978386,36.97582,34.980164,63.814674,33.909073,65.48397,37.975807,40.991184,29.407759,62.85551,74.64211,73.11212,71.60216,81.56353,87.17309,72.84947,66.189316,62.429173,54.199005,56.974895,69.371765,54.809715,71.687256,61.22671,37.50427,60.555355,60.613705,69.29094,69.955894,78.11885,73.450935,62.260162,80.84547,62.47511,73.535675,79.696045,35.476826,35.434456,34.218655,30.77318,51.291935,40.953777,57.62535,48.57047,73.19295,65.59211,32.86776,47.482487,34.9566,40.000004,47.82609,66.66907,64.04632,44.49103,54.494736,34.474987,70.14557,49.262257,70.14394,40.0,41.992687,49.28275,44.275085,73.12729,50.16205,49.306107,36.349247,36.354763,36.349247,2.9764931,2.9764931,2.9723492,32.536945,32.536945,32.536945,32.536945,66.938416,73.450935,32.536945,32.536945,31.866978,31.866978,62.833813,62.833813,31.866978,31.866978,58.50349,58.50349,-1.2939453e-06,4.4401402,3.3964562,4.4514093,5.4251757,3.1503823,4.0189404,4.332764
32400,29.779573,67.840096,39.89913,64.19884,86.59884,36.078957,35.684242,31.59446,48.842728,44.75911,33.377113,34.188713,61.112038,59.919044,62.516132,47.053963,61.432365,68.8421,64.571884,68.00926,67.43469,64.89114,68.18344,53.94622,65.40631,32.90097,36.25135,34.26424,53.880554,61.425404,60.46383,64.77884,56.48884,53.810356,61.54884,47.789997,51.47933,55.28048,53.88409,55.949203,52.51813,58.15204,68.753944,51.02284,58.814053,54.88722,55.930782,25.891127,5.818464,62.008015,63.912567,29.845926,24.264677,22.862896,26.940933,41.907867,36.083195,63.805096,34.864788,47.28692,31.110737,49.186626,48.241024,47.862324,56.889557,53.736233,48.187737,60.037033,62.73769,50.371952,66.25521,55.838223,49.68007,43.000107,42.051212,31.681635,49.58946,45.955627,50.37939,52.0237,53.568996,27.997585,30.088173,55.034992,65.31139,47.17955,32.03902,39.999996,39.228745,54.00101,58.939056,50.996143,48.725952,59.40066,46.193405,26.051283,26.051237,34.447895,26.119211,33.680027,35.663918,56.71721,60.19884,46.610306,60.9743,56.556904,61.280735,56.8572,37.41916,62.86526,35.97618,40.977337,45.96401,35.56948,35.03268,50.23205,48.449825,51.443714,55.9999,71.751945,70.973305,36.663536,73.061264,29.897875,31.820885,26.9158,31.818298,36.618813,30.824755,41.036922,77.60641,73.75494,52.287746,76.6931,80.64575,68.85472,73.18999,77.59328,39.025192,53.860924,45.22961,52.41653,52.516335,23.380026,48.06775,47.315544,30.746717,35.941402,39.81947,62.136593,60.975487,52.941135,55.946175,63.326126,58.809505,74.19199,71.723015,56.308464,56.968838,64.19884,46.222134,61.63611,57.20738,62.445232,55.787773,48.008656,59.90083,45.829453,66.51649,65.36842,63.00324,66.02535,58.759964,58.799892,80.226814,58.756916,51.303307,47.087177,70.97636,52.234634,52.943947,45.50692,59.720448,53.74082,48.61954,55.582058,60.38884,52.3156,48.2955,61.837425,52.82105,63.11824,62.39708,67.17442,64.63428,73.16148,75.86309,69.679924,76.12455,75.39621,69.38022,66.64043,21.524473,41.887535,48.756638,39.27977,42.97751,63.261784,72.3721,29.544382,57.437378,52.59884,73.20777,71.67916,71.45515,68.67825,68.676636,72.46989,72.14869,73.14156,74.07155,24.613918,52.392403,33.233097,50.639072,16.839615,38.302944,23.21224,21.668928,39.360954,59.24834,62.53225,53.91908,53.76433,35.269318,68.05832,58.66884,35.064716,54.19884,59.19884,57.45884,45.17114,61.19884,70.38465,69.452255,4.845668,24.891426,75.89074,50.296856,71.610634,71.02009,53.584206,69.239494,66.26305,69.367256,42.613613,57.496674,60.2867,59.776207,31.001793,65.67775,64.839325,54.341156,59.404892,61.922287,57.15381,64.495865,51.71884,34.256725,62.89118,65.8964,69.69416,44.0977,52.20773,50.68271,57.14556,47.662937,41.582275,41.109566,54.067413,57.903923,45.937717,42.924397,35.164246,26.358839,40.308838,46.44884,44.23884,38.25884,49.19884,49.19884,46.48576,53.23884,34.609966,52.391266,46.65941,39.966125,35.981148,56.72939,58.962112,39.971268,36.967846,34.973633,60.962578,33.90547,62.6577,37.96784,41.091965,29.568354,62.791378,72.56034,71.03035,69.52041,79.48233,85.09172,70.77072,64.1105,60.354416,52.124165,54.89837,67.30217,52.829662,69.8089,59.24543,35.509655,58.704975,58.717457,67.37301,68.0359,76.19186,71.533005,60.36246,78.89654,60.513714,71.582726,77.01705,34.669945,34.622913,31.915762,29.060436,49.5623,39.224747,55.893547,45.316166,72.86962,63.51034,32.103935,44.899036,34.942295,40.000004,45.04966,63.84118,61.342087,44.48148,54.4864,34.46016,66.81713,49.019176,66.81496,40.0,41.99028,49.04642,44.036236,70.63914,47.68468,48.002728,36.11376,36.119328,36.11376,2.9762886,2.9762886,2.9721074,32.89097,32.89097,32.89097,32.89097,64.19884,71.533005,32.89097,32.89097,31.861635,31.861635,61.956127,61.956127,31.861635,31.861635,55.94738,55.94738,-1.2939453e-06,4.119964,3.6599936,2.8344476,5.0843034,2.505789,4.78055,3.2026937
36000,30.772238,66.8978,38.180325,86.012115,100.018326,34.10636,33.58755,30.085775,53.488388,49.406723,36.3374,37.148376,60.160324,58.960747,61.859894,51.11525,65.49354,68.2086,63.959534,67.36232,66.67105,64.068474,67.55067,52.495102,64.54077,30.744999,34.24105,32.167553,52.69203,60.36652,59.378826,77.7553,69.140785,52.62053,74.92884,46.680023,49.876324,53.68777,59.049244,61.108814,57.67767,63.31113,67.901505,56.38201,57.456528,60.560825,67.82308,24.422045,7.6443896,61.341675,63.22543,32.760437,27.139906,22.036528,25.814043,48.628647,35.002674,70.34646,33.71308,45.946842,30.039202,47.813873,46.927464,46.546288,55.631092,52.450916,46.87146,59.014122,61.59524,48.792763,65.28201,54.14278,48.063057,47.02426,45.983444,28.454832,47.692986,44.05571,48.49377,50.162003,53.112507,36.707184,38.797817,64.58232,73.815674,45.47853,30.337833,39.999996,45.988415,61.468582,66.39541,49.56129,56.71541,67.61911,44.822857,25.286325,25.28626,33.16029,25.050438,32.468094,34.446735,55.021534,73.650345,45.548206,59.85501,54.861164,59.58359,55.161537,46.466316,72.81447,34.53484,39.53636,44.51868,33.99556,33.609745,48.548145,46.8369,49.828796,54.566277,70.81569,70.03649,35.44623,72.12177,28.756958,30.654863,25.780716,30.65144,35.386936,29.659998,43.905663,75.9492,83.713806,62.962696,87.28341,91.23551,78.69967,82.86962,87.24873,37.59981,64.004814,55.373047,59.11582,59.215553,33.49203,47.43575,46.682804,33.69327,35.317345,43.893005,60.688858,59.533897,52.276897,54.495045,61.878235,65.50629,83.828125,81.61739,68.33555,68.44804,75.13973,45.13976,60.596554,69.47532,61.381584,54.720135,47.375298,59.062138,44.99067,65.67815,64.52957,69.697815,65.186935,57.921207,57.961124,78.46741,57.890976,50.43681,46.219715,70.03974,60.128498,60.837566,52.21333,66.410545,61.45676,56.551857,54.497993,71.16118,51.660603,47.640507,61.183823,52.167686,62.44936,61.74218,66.31476,63.938942,72.30317,75.00712,68.84061,75.27126,74.54303,68.53796,65.78086,22.794916,48.969986,55.754482,46.436813,50.0602,73.16542,71.7386,38.190784,69.82237,62.794636,72.349525,70.83797,70.5191,67.81975,67.74068,71.61083,71.29021,72.28172,73.2117,31.76295,60.27371,40.211823,57.918118,24.300816,46.110386,30.79975,23.30907,47.164757,60.123886,63.409172,54.837032,54.63496,36.197895,68.93387,72.120346,35.90501,67.650345,72.650345,70.91035,48.039448,74.650345,73.23104,68.51762,5.6539345,27.303764,75.030846,54.357624,70.80153,70.21095,57.6433,68.400826,65.4033,68.52896,40.179546,56.43673,59.226753,58.72087,27.90501,64.8626,63.961628,52.461216,58.34841,60.859413,56.089108,63.97527,50.836235,33.38729,62.008583,65.05806,68.8345,42.782166,50.899178,49.398857,55.78814,46.316845,40.245678,39.787086,52.528816,56.82633,44.517784,41.427498,33.06755,39.810345,53.760345,59.900345,57.690346,51.710342,62.650345,62.650345,56.417675,63.55235,44.644833,62.42658,56.69407,39.95422,35.974525,66.76405,68.99773,39.961178,36.956554,34.964367,70.99837,33.900368,72.73031,37.956535,40.69152,29.339325,62.141224,70.79946,69.26947,67.75953,77.7219,83.33115,69.0122,62.35193,58.599007,50.3687,53.141582,65.550804,51.148193,68.20682,57.563,33.81682,57.124744,57.101418,65.740036,66.40132,74.551796,69.90004,58.745277,77.239365,58.8468,69.92242,87.60691,33.454735,33.39237,34.784416,29.89047,50.36842,40.031723,56.696587,52.01881,72.01144,61.749466,31.030188,53.94618,34.922035,40.000004,55.19311,73.9115,69.23506,44.467957,54.474606,34.439137,73.41474,48.67472,73.41181,40.0,41.986866,48.71154,43.697773,74.69416,51.743076,48.84233,35.489986,35.49568,35.489986,2.9757397,2.9757397,2.9714608,30.543411,30.543411,30.501497,30.460463,86.02318,69.90004,30.543411,30.543411,28.485144,28.413923,60.508236,60.508236,28.287895,28.287895,68.4955,68.4955,-1.2939453e-06,3.734397,3.7166834,2.6938515,5.1977477,1.8237842,5.152267,3.329644
39600,30.9286,66.6815,38.203213,85.82859,99.78415,34.204742,33.722256,30.268917,53.302734,49.224968,36.33602,37.14576,59.5801,58.38979,61.65072,50.996857,65.3749,67.96742,63.720753,67.11795,66.398575,63.46385,67.308464,59.580315,64.40271,30.897009,34.350533,32.302254,51.606705,59.596004,58.587734,77.51844,68.90196,51.531536,74.69441,45.80782,50.5354,54.332355,58.79144,60.839928,57.408627,63.041183,67.63791,56.092556,57.678352,60.23745,66.70515,31.504784,7.718534,61.14672,63.05974,32.75611,27.136093,22.665874,27.750149,48.068737,37.018597,69.696625,36.270218,50.10976,31.998236,52.5287,47.08016,46.702465,55.729813,52.561424,46.773857,58.82369,61.60612,49.418327,65.075645,54.11803,48.741848,46.87885,45.846767,21.908073,44.79164,41.15921,45.577152,47.21172,52.901665,35.858856,37.949562,64.348526,73.61383,52.824734,37.682705,39.999996,45.447006,61.138573,66.060196,55.888264,56.52968,67.42603,49.49937,25.602232,25.602167,37.942295,26.994543,34.392513,36.370434,54.996857,73.41635,44.800503,58.59784,54.836494,59.55936,55.13685,45.585663,71.71616,41.686874,46.688465,51.68481,41.25055,40.638683,55.9159,54.219845,57.241264,62.4168,70.61199,69.83357,37.36991,71.92263,30.69114,32.58559,27.715704,32.582058,37.308605,31.590902,43.88888,75.912605,82.61453,61.882,86.135994,90.087006,77.37255,81.21191,85.5427,44.727272,63.726646,55.094666,58.54543,58.64514,33.198692,47.349133,46.596073,33.687542,35.231853,43.799095,79.755005,71.791046,52.18507,61.682087,81.48558,64.93513,82.083435,80.38914,67.200516,68.20213,74.89059,44.3429,59.899014,68.30996,60.618713,53.957455,47.288464,58.940506,44.869167,65.556015,64.408165,69.125626,65.06491,57.79966,57.83959,78.46248,57.753284,50.29965,46.083294,69.83655,59.928257,60.63722,51.646637,65.83627,61.20194,56.36387,53.69095,70.911,51.44968,47.42959,60.97094,51.95447,62.25798,61.531116,66.18171,63.784786,72.18501,74.89159,68.71865,75.15639,74.42801,68.413765,65.64736,22.941818,48.54925,55.294453,46.088295,49.639435,72.07816,71.49742,37.348797,68.64646,62.540997,72.231575,70.716934,70.31511,67.70131,67.53656,71.4875,71.17173,72.148926,73.07891,31.416386,60.069824,39.774296,57.54029,24.14262,45.929966,30.634459,23.438412,46.988247,60.257618,63.543545,54.990456,54.766403,36.356247,69.06759,71.88635,36.065216,67.41635,72.41635,70.676346,48.0218,74.41635,73.16953,68.31562,5.741427,27.340654,74.898125,54.23818,70.68518,70.09465,57.520496,68.278496,65.27037,68.40677,35.77564,55.668037,58.45806,57.94812,21.70634,64.50913,63.24001,49.493675,57.60875,60.095367,55.327625,63.75277,50.683315,33.252014,61.855213,64.93594,68.702,42.9379,51.05974,49.529045,56.009827,46.52258,40.434814,39.953583,53.097244,56.653244,44.45125,41.383877,33.202255,39.576347,53.52635,59.666348,57.45635,51.47635,62.416348,62.416348,56.172108,63.299416,44.314312,62.096275,56.363457,39.948692,35.971447,66.43344,68.66756,39.95649,36.95131,34.96007,70.668274,33.897995,72.4182,37.95129,40.494514,29.1881,61.923485,70.79498,69.265,67.75506,77.717285,83.32657,69.00699,62.346737,58.59283,50.36254,53.135834,65.54338,51.119114,68.15313,57.534214,33.791256,57.064293,57.052063,65.69593,66.357704,74.50988,69.85593,58.696274,77.20275,58.8132,69.88677,86.458595,35.378693,35.31422,34.767456,29.832855,50.29969,39.96339,56.626427,51.45025,71.89345,61.74498,33.00155,53.065506,34.91262,40.000004,54.91473,73.59832,69.03441,44.461678,54.469128,34.42938,72.79752,48.51477,72.794235,40.0,41.985275,48.556023,43.5406,74.56321,51.618862,49.00222,35.40454,35.410244,35.40454,2.9756606,2.9756606,2.9713726,30.694265,30.694265,30.652098,30.610815,85.83972,69.85593,30.694265,30.694265,21.522787,21.457987,81.73422,81.493614,21.34331,21.34331,67.3049,67.3049,-1.2939453e-06,3.3037443,3.6472597,2.7935476,5.3891315,1.7234834,5.4258595,3.5015218
43200,30.98269,69.07133,43.640076,84.82074,99.51116,40.61908,28.003748,26.079588,53.443237,49.36721,36.356632,37.165817,60.68243,59.45445,62.177795,51.05234,65.430275,68.62467,64.364655,67.791985,67.485176,64.12342,67.969864,59.77609,66.31344,25.403748,40.909042,26.583748,52.715324,60.72253,59.69528,77.28423,68.69617,52.6394,74.42488,46.966866,49.685825,53.54171,59.008865,61.052406,57.621033,63.25319,69.27885,56.354225,58.97877,60.532085,67.92297,31.694475,7.7049627,61.61597,63.409973,32.752808,27.13267,23.0151,28.04294,48.730286,37.328857,70.4706,36.563335,50.353252,32.310265,52.759644,48.689976,48.29813,57.468887,54.35222,50.652927,61.536148,63.392635,48.705017,67.58922,71.65595,47.812088,47.002132,45.963642,22.604765,45.206863,41.55474,46.054512,47.825966,53.41192,38.06393,40.154675,64.39422,73.71814,52.938633,37.79656,39.999996,46.08453,61.478924,66.40743,56.091934,56.662537,67.54639,49.73115,25.959764,25.95969,38.189796,27.307007,34.656498,36.63264,72.53495,73.140564,46.01326,59.24367,72.37465,77.09854,72.67495,47.75621,73.58068,41.88515,46.886864,51.882317,41.40614,40.842335,56.035706,54.366215,57.3847,62.62053,72.935715,72.15413,37.632072,74.22781,30.979168,32.865128,28.005714,32.861305,37.565834,31.870867,43.879654,93.422325,84.47675,63.53759,87.814575,91.76511,79.13299,82.824684,87.13389,44.930283,63.76789,55.13619,59.22035,59.320095,33.259636,48.678017,47.92656,33.68493,36.543922,43.865513,80.05212,72.02736,53.585274,61.878613,81.78759,65.61144,83.65735,82.19373,68.43837,68.09902,74.8346,45.528507,61.142914,69.58363,61.781788,55.148792,48.620293,60.73419,46.662342,67.35177,66.20097,69.8033,66.86025,59.59303,59.632927,91.70897,59.66272,52.20729,47.988686,72.15822,60.08503,60.794136,52.317043,66.51669,61.435814,56.50346,54.852085,70.86978,51.983875,47.963745,61.513115,52.49797,62.71269,62.065857,68.06022,64.08811,73.99142,76.681755,70.51498,76.93924,76.211464,70.224976,67.527756,22.999712,49.024914,55.82205,46.475266,50.1151,73.961945,72.15467,39.571026,69.91908,62.550232,74.036896,72.51161,72.63999,69.50938,69.861984,73.31947,72.97995,74.02638,74.95637,31.801619,60.231796,40.27661,57.950813,24.288128,46.072517,30.777752,23.501673,47.12634,60.34342,63.628498,55.05023,54.855225,36.409508,69.1534,71.61056,36.117638,67.140564,72.140564,70.40056,48.01219,74.140564,73.14033,70.62953,5.7246094,27.343613,76.77529,54.29319,72.411194,71.82047,57.57402,70.0757,67.14838,70.2028,36.42341,56.80458,59.59462,59.072205,22.40575,65.59798,63.89609,50.112667,58.80654,61.25307,56.474915,64.31802,52.68924,35.154728,63.863213,66.73167,70.57792,44.534355,52.580204,51.1564,57.3108,47.888416,41.88082,41.50244,52.616318,59.583485,48.732086,45.96171,40.089043,39.30056,53.25056,59.39056,57.18056,51.20056,62.14056,62.14056,56.19618,63.298347,44.423077,62.20476,56.47235,39.955997,35.97551,66.54233,68.775856,39.962685,36.958237,34.96575,70.776474,33.90113,72.50349,37.95823,40.962364,29.52448,62.48539,84.04257,82.51258,81.002625,90.96454,96.57392,82.25283,75.59262,71.83639,63.606133,66.3804,78.78394,64.30811,81.28357,70.72393,46.988647,70.17862,72.61729,83.187775,83.850746,92.00696,87.61429,74.26234,94.712456,76.330086,87.39879,88.13679,35.64157,35.571907,34.758156,30.161049,50.64257,40.305744,56.971195,52.12301,73.69888,74.99257,33.3132,55.236042,34.925056,40.000004,54.956253,73.68502,69.19173,44.469975,54.476364,34.442284,73.534706,48.72618,73.53188,40.0,41.98737,48.761562,43.748337,74.61308,51.67175,49.05506,36.716007,36.72144,36.716007,2.976814,2.976814,2.9727259,24.917889,24.857008,24.879389,24.841698,84.83091,87.63141,24.793068,24.813868,22.218822,22.154669,82.05383,81.81061,22.041142,22.041142,68.576035,68.576035,-1.2939453e-06,3.1191509,3.7614899,2.7740977,5.499999,2.0917957,5.0245214,3.5486166
46800,31.084555,69.52112,44.093647,83.89516,98.57825,41.07282,27.124392,25.199184,53.47936,49.403534,36.389145,37.19826,61.080803,59.876488,62.563797,51.084637,65.46256,68.92889,64.66171,68.0963,67.83761,64.444984,68.27147,60.654846,66.827324,24.524393,41.362793,25.704391,53.146526,61.14392,60.128395,76.35095,67.762596,53.07052,73.49194,47.400967,52.308277,56.127144,59.048176,61.09116,57.65977,63.291893,69.67674,56.395535,60.438282,60.574722,68.00531,32.587566,7.736747,62.038307,63.907093,32.78355,27.163403,23.405607,28.588097,46.94963,37.834167,68.45235,37.119915,51.05974,32.810352,53.507385,49.969563,49.58661,58.62083,55.52292,51.10602,61.986866,64.35879,51.24186,68.03939,70.83817,50.484924,47.0379,45.999195,23.054306,45.734993,42.09524,46.543594,48.229046,53.673134,38.13505,40.225803,63.523052,72.95079,54.01426,38.87227,39.999996,44.35602,60.34731,65.2607,56.93715,55.947342,66.80754,50.476112,26.325844,26.325788,38.900032,27.805815,35.269493,37.24982,71.71698,72.20769,46.44672,59.58891,71.556625,76.27942,71.85698,47.827175,73.65196,42.75961,47.761024,52.758625,42.38212,41.702023,57.097744,55.36409,58.391644,63.494114,73.40066,72.62107,38.249355,74.704414,31.535524,33.4415,28.557402,33.438347,38.194744,32.446228,43.909725,92.6347,84.54802,63.615204,87.88855,91.83902,79.19278,82.86784,87.174614,45.793327,62.76248,54.130157,57.411045,57.5107,32.21148,49.07818,48.327175,33.715683,36.939175,43.899044,80.88331,72.89497,54.00432,62.757202,82.61573,63.798515,83.69614,82.25851,68.52158,67.16442,73.89953,45.963634,61.572388,69.6684,62.212467,55.582275,49.021282,61.252785,47.18125,67.86906,66.72011,67.9874,67.37779,60.111816,60.151733,90.96428,60.17764,52.723648,48.507202,72.62446,59.328945,60.037727,50.517097,64.69474,60.521767,55.782864,55.285027,69.93456,52.365406,48.3453,61.889633,52.873657,63.144165,62.44705,68.57739,64.61471,74.53194,77.22497,71.033394,77.481514,76.75336,70.742165,68.0442,23.084173,47.633194,54.31629,45.29409,48.723213,74.03318,72.458885,39.642303,70.00452,61.61452,74.577705,73.03318,73.10422,70.04957,70.32586,73.85203,73.52004,74.54422,75.474205,30.626305,59.46519,38.84198,56.68157,23.652483,45.374447,30.121922,23.54554,46.438103,60.377155,63.664085,55.141125,54.882328,36.514713,69.187126,70.67769,36.225365,66.20769,71.20769,69.46769,48.04223,73.20769,73.16816,71.09568,5.7563653,27.37574,77.29331,54.32544,72.91316,72.32256,57.60609,70.59292,67.66587,70.71991,36.849434,57.229458,60.019485,59.49211,22.852732,65.96366,64.22253,50.5144,59.237953,61.683186,56.911575,64.59406,53.192844,35.676937,64.36611,67.24897,71.09599,45.82181,53.886463,52.386913,58.769962,49.306828,43.255333,42.81785,55.007145,60.03468,49.185314,46.415005,40.542793,38.367687,52.317688,58.457687,56.24769,50.26769,61.207687,61.207687,55.286728,62.36274,43.2718,61.054108,55.320805,39.93996,35.96659,65.39078,67.625595,39.949085,36.94302,34.95327,69.62644,33.894257,71.402534,37.943,41.212112,29.738384,62.849514,83.29672,81.76673,80.25678,90.21905,95.82832,81.50884,74.84859,71.09485,62.86455,65.63778,78.0456,63.6249,80.66297,70.03995,46.296467,69.57524,71.91218,82.41926,83.080956,91.23285,86.84484,73.55633,93.92485,75.534805,86.60871,88.21071,36.25718,36.19975,34.78822,29.65187,50.101143,39.765476,56.425617,50.318058,74.23956,74.24672,33.814373,55.307007,34.897747,40.000004,53.95024,72.58097,68.43444,44.45174,54.46047,34.41396,71.588104,48.261883,71.58427,40.0,41.982773,48.310158,43.292114,74.64476,51.70376,49.161858,37.11108,37.116436,37.11108,2.9771583,2.9771583,2.9731305,24.038952,23.978281,24.00042,23.96269,83.90533,86.861916,23.914564,23.935293,22.669838,22.605274,82.86513,82.62442,22.491016,22.491016,68.66241,68.66241,-1.2939453e-06,3.576844,3.9145176,2.805826,5.499999,2.4261289,4.1410728,3.6763763
50400,30.957483,69.48212,44.05218,84.38077,99.25667,41.03125,26.373629,24.414549,53.710823,49.63135,36.502567,37.312847,61.095097,59.875446,62.58873,51.28621,65.66436,69.00682,64.74458,68.17399,67.87877,64.51605,68.3511,61.020412,66.71578,23.773628,41.321213,24.953629,53.145386,61.14494,60.12207,77.03954,68.45865,53.069492,74.17127,47.394367,50.8577,54.700558,59.31538,61.368694,57.937458,63.570415,69.68125,56.67441,59.742077,60.871933,68.67175,32.953133,7.794604,62.039696,63.860023,32.902576,27.281925,23.813795,28.990139,48.632843,38.235817,70.383064,37.518097,51.447147,33.21233,53.890663,49.39001,49.00129,58.12381,55.01394,51.06487,61.947258,63.98152,49.846764,68.00014,71.1911,49.0017,47.238445,46.194336,23.118977,45.702156,42.054394,46.536064,48.277245,53.781544,39.07612,41.166798,64.22776,73.5787,54.37805,39.23608,39.999996,45.98605,61.36241,66.29106,57.308308,56.53644,67.414345,50.85967,26.735363,26.735308,39.282043,28.207855,35.671535,37.65186,72.06999,72.88537,46.43828,59.65296,71.90966,76.63295,72.20999,48.771217,74.590164,43.12463,48.126045,53.123608,42.74655,42.067852,57.461414,55.72804,58.7551,63.8545,73.34815,72.567276,38.651398,74.64436,31.937565,33.843544,28.959452,33.84039,38.596786,32.848278,44.040367,92.97415,85.48664,64.43589,88.77704,92.72853,80.34395,84.32739,88.679245,46.15847,63.585827,54.954136,59.123756,59.223507,33.07842,48.978596,48.22748,33.835777,36.84078,44.077766,81.173935,73.22763,53.900696,63.122128,82.90301,65.51445,85.236824,83.31745,69.19591,67.88741,74.63488,45.955025,61.565624,70.35665,62.20661,55.574245,48.92151,61.129303,47.057564,67.74642,66.596275,69.70634,67.25499,59.988205,60.028114,91.458595,60.065468,52.610577,48.39283,72.57112,59.960712,60.66983,52.219925,66.419785,61.31473,56.378464,55.278282,70.67379,52.393238,48.373116,61.920715,52.905277,63.13963,62.4751,68.46153,64.54853,74.39806,77.08839,70.91022,77.344826,76.61691,70.62084,67.92886,22.97206,48.916996,55.715267,46.367542,50.00708,74.97231,72.53683,40.58047,70.69163,62.36699,74.4436,72.90823,73.05218,69.916,70.27405,73.72438,73.38654,74.42793,75.35792,31.69409,60.107708,40.17271,57.838234,24.17488,45.950905,30.66147,23.469172,47.00481,60.31944,63.6045,55.02568,54.83131,36.38481,69.12942,71.35537,36.093437,66.88537,71.88537,70.14537,48.173664,73.88537,73.34051,71.04171,5.80133,27.46127,77.1769,54.527985,72.79284,72.202156,57.811764,70.470436,67.549805,70.59739,36.901478,57.22793,60.01796,59.494278,22.914389,65.996994,64.29192,50.563717,59.23093,61.677776,56.901924,64.69191,53.094387,35.560425,64.26819,67.12632,70.97945,45.237156,53.28951,51.83901,58.07398,48.637257,42.61423,42.215073,53.706665,59.99476,49.144077,46.373726,40.501213,39.04537,52.99537,59.13537,56.92537,50.945366,61.88537,61.88537,56.019764,63.112495,44.244446,62.02613,56.29372,39.95616,35.975605,66.3637,68.59722,39.962822,36.958397,34.965874,70.59783,33.901196,72.32335,37.958378,41.32868,29.880426,62.888626,83.79154,82.26156,80.75161,90.713715,96.32304,82.00284,75.342606,71.587746,63.35748,66.131165,78.53708,64.091736,81.10182,70.50713,46.76731,70.00639,72.2906,82.75017,83.41244,91.56625,87.16682,73.93516,94.26429,75.87768,86.94926,89.10004,36.65923,36.6018,34.91902,30.13932,50.62116,40.28433,56.94983,52.026066,74.10552,74.74155,34.21628,56.25107,34.92534,40.000004,54.77419,73.50491,69.06743,44.470158,54.476532,34.442562,73.43905,48.730812,73.43623,40.0,41.987415,48.766064,43.752884,74.858025,51.91074,49.03087,37.012722,37.01811,37.012722,2.9770699,2.9770699,2.973033,23.301773,23.243149,23.264204,23.227419,84.390686,87.18332,23.181576,23.201607,22.739155,22.67529,83.142654,82.9034,22.562263,22.562263,69.347916,69.347916,-1.2939453e-06,3.9968927,4.0998507,2.8386147,5.499999,2.8373504,3.2580476,3.5276785
54000,31.030882,69.75463,44.326267,83.3619,98.213356,41.3054,25.508938,23.548677,54.07278,49.990753,36.76882,37.57991,61.35074,60.140903,62.842598,51.623974,66.00227,69.22675,64.96173,68.393845,68.1164,64.74213,68.569954,60.953217,67.004814,22.908937,41.595375,24.088938,53.41321,61.409454,60.391403,75.99494,67.4131,53.337276,73.127846,47.663692,52.030426,55.857918,59.70464,61.76523,58.334095,63.96764,69.93532,57.07098,60.432568,61.283665,69.36365,32.87366,8.011595,62.30864,64.15999,33.163174,27.541826,24.172295,29.214674,46.526356,38.494404,67.981865,37.732094,51.530724,33.475456,53.93825,50.005875,49.620846,58.686665,55.58464,51.33875,62.220154,64.467094,50.983963,68.272804,70.498055,50.195324,47.570274,46.521645,23.382448,46.007843,42.365208,46.82555,48.531048,53.985233,39.962418,42.053043,63.249737,72.72076,54.14202,38.999966,39.999996,43.943516,60.054707,64.96491,57.27062,55.738827,66.58937,50.909695,27.115126,27.115051,39.361816,28.4721,35.837944,37.81469,71.37678,71.842155,46.707424,59.88716,71.2164,75.938675,71.51678,49.659603,75.47444,43.061024,48.0627,53.05842,42.595947,42.01701,57.23701,55.55874,58.57786,63.791054,73.6258,72.84573,38.81414,74.92683,32.152508,34.041336,29.178387,34.037605,38.749557,33.046925,44.30879,92.308495,86.371216,65.23748,89.62636,93.57856,81.37806,85.578476,89.96205,46.10466,62.447796,53.81534,56.981953,57.081593,31.887962,49.19954,48.448677,34.097492,37.05901,44.39946,81.138245,73.16588,54.132256,63.054996,82.86952,63.36851,86.545,84.28668,69.893776,66.83845,73.58436,46.224842,61.83313,71.06507,62.47477,55.84344,49.14291,61.41733,47.345722,68.03391,66.88454,67.55677,67.54259,60.276318,60.316235,90.840614,60.35493,52.90065,48.683846,72.84929,59.113144,59.82186,50.089813,64.26284,60.273632,55.574345,55.547276,69.62277,52.64525,48.625137,62.170643,53.15486,63.41236,62.72697,68.751205,64.860725,74.696556,77.38768,71.198235,77.64347,76.915405,70.9087,68.21825,23.030167,47.288845,53.947998,44.99518,48.378815,75.857254,72.75676,41.464725,71.39922,61.314297,74.742195,73.19766,73.32951,70.214386,70.551254,74.0199,73.68488,74.71788,75.64786,30.328825,59.24725,38.49031,56.36131,23.46868,45.173065,29.9321,23.484688,46.238216,60.308426,63.595745,55.084385,54.812202,36.460983,69.1184,70.31216,36.17292,65.842155,70.842155,69.10216,48.442642,72.842155,73.638275,71.319626,5.998909,27.703022,77.46693,54.86644,73.07139,72.48076,58.152412,70.75794,67.83961,70.8848,37.16089,57.493828,60.283855,59.758194,23.177675,66.23985,64.519714,50.816902,59.49931,61.945732,57.172596,64.90117,53.381252,35.853065,64.55478,67.41382,71.26947,45.85628,53.9164,52.434467,58.764328,49.31069,43.269466,42.84579,54.783295,60.267857,49.418015,46.647697,40.775375,38.002155,51.952156,58.092155,55.882156,49.902157,60.842155,60.842155,54.99745,62.060154,42.927177,60.709614,54.976135,39.936592,35.96471,65.0461,67.2812,39.946228,36.93982,34.950645,69.28208,33.892803,71.068115,37.9398,41.528053,30.066309,63.133415,83.172516,81.642525,80.13259,90.09501,95.70422,81.3855,74.72522,70.97263,62.742325,65.51507,77.92486,63.529602,80.59657,69.9443,46.19703,69.5168,71.704346,82.101875,82.76299,90.91289,86.516716,73.34809,93.598656,75.20507,86.28137,89.949936,36.823395,36.75548,35.187553,29.47325,49.91574,39.580326,56.23935,49.889767,74.404076,74.12251,34.47848,57.13946,34.89201,40.000004,53.635433,72.24591,68.21839,44.447918,54.457127,34.408005,71.13004,48.16441,71.12598,40.0,41.981804,48.2154,43.19633,75.204025,52.25232,49.10922,37.23085,37.236187,37.23085,2.9772606,2.9772606,2.973256,22.437561,22.379347,22.399866,22.362965,83.37186,86.53309,22.31821,22.338097,23.002193,22.938831,83.12244,82.881195,22.826698,22.826698,70.05437,70.05437,-1.2939453e-06,4.417341,4.2627707,3.0184176,5.499999,3.244758,2.3887424,3.6369276
57600,30.824774,69.598305,44.16611,83.24444,98.19553,41.145077,24.752253,22.763279,53.746933,49.676594,36.805286,37.61265,61.257557,60.02379,62.772484,51.393887,65.77148,69.23936,64.98195,68.40604,68.0741,64.73239,68.58519,60.863335,66.751434,22.152254,41.43504,23.332253,53.28037,61.29055,60.260433,75.982376,67.40439,53.204487,73.11049,47.53022,49.67325,53.53819,59.262638,61.29002,57.85841,63.489258,69.84018,56.588406,59.252136,60.742573,67.60833,32.772736,8.206914,62.201775,63.9775,33.174084,27.553871,24.47448,29.404615,46.91625,38.715294,68.45544,37.91372,51.59549,33.700207,53.968006,49.007446,48.613426,57.817196,54.696342,51.179077,62.0629,63.78498,48.713375,68.1161,71.05018,47.787197,47.337482,46.30577,23.1659,45.75947,42.10433,46.616665,48.409145,54.044453,37.322933,39.413807,63.256016,72.70428,53.896564,38.754444,39.999996,44.313595,60.192875,65.10902,57.213245,55.710808,66.566635,50.941814,27.43411,27.434036,39.41385,28.69776,35.975628,37.949146,71.929054,71.823944,46.57558,59.84521,71.76871,76.49185,72.069046,47.01057,72.84418,42.97407,47.975967,52.96979,42.428513,41.94254,57.001842,55.371273,58.384804,63.698185,73.450615,72.66855,38.948513,74.73986,32.333828,34.207233,29.363287,34.20298,38.87498,33.213593,44.281925,92.83703,83.73959,62.984833,87.155785,91.10473,78.06349,81.273,85.51171,46.026783,62.494953,53.86275,57.382366,57.48204,31.951363,48.987858,48.236774,34.10524,36.849895,44.24277,80.97164,73.03592,53.911366,62.964203,82.70013,63.770897,81.978806,81.26845,68.11251,66.84366,73.59595,46.091022,61.70559,69.23795,62.346252,55.711674,48.93082,61.14937,47.077442,67.76726,66.61601,67.96032,67.27567,60.00815,60.048046,91.55151,60.100563,52.6449,48.426064,72.672806,59.10175,59.81059,50.48711,64.66877,60.325138,55.54884,55.41587,69.63637,52.57966,48.559525,62.110126,53.09519,63.296265,62.661724,68.4922,64.64843,74.411736,77.099045,70.93071,77.354866,76.6272,70.64354,67.959984,22.825146,47.5312,54.23507,45.15594,48.621277,73.223976,72.76936,38.834568,69.57507,61.334724,74.45704,72.92735,73.155075,69.93,70.37715,73.74399,73.4006,74.4582,75.38818,30.487429,59.24005,38.748245,56.554573,23.420181,45.14132,29.888885,23.288094,46.203327,60.130222,63.416817,54.883774,54.636604,36.254757,68.94019,70.293945,35.96535,65.823944,70.823944,69.08395,48.41322,72.823944,73.47739,71.14254,6.243331,27.819891,77.207054,54.633205,72.81114,72.22038,57.909134,70.49148,67.58028,70.61833,36.996502,57.37139,60.161423,59.640465,22.968185,66.182976,64.50358,50.696045,59.36987,61.817844,57.038082,64.94427,53.145073,35.591938,64.319374,67.14715,71.00948,44.84989,52.89092,51.485565,57.584248,48.171833,42.17501,41.81113,52.660374,60.110107,49.2582,46.48782,40.61504,37.983944,51.933945,58.073944,55.863945,49.883945,60.823944,60.823944,55.01213,62.07918,43.029068,60.811264,55.07813,39.94288,35.96822,65.1481,67.38269,39.951557,36.945793,34.95554,69.38349,33.8955,71.15154,37.945774,41.599632,30.176344,63.085434,83.88432,82.35433,80.84438,90.806526,96.41584,82.09585,75.43561,71.68106,63.450787,66.22435,78.63079,64.192406,81.2104,70.60771,46.866848,70.11715,72.2621,82.61546,83.27757,91.43085,87.01969,73.90654,94.12718,75.73959,86.81184,87.476685,36.959053,36.881725,35.16018,29.500996,49.95614,39.62026,56.281376,50.288868,74.11903,74.83432,34.702457,54.490387,34.902725,40.000004,53.682823,72.33055,68.207466,44.455063,54.46336,34.41911,71.58484,48.346462,71.581184,40.0,41.98361,48.392395,43.375225,74.93633,52.004818,48.90201,37.02184,37.027214,37.02184,2.9770792,2.9770792,2.9730422,21.692398,21.63661,21.655205,21.618788,83.254265,87.03539,21.578018,21.597078,22.77878,22.713608,82.95063,82.709755,22.59828,22.59828,68.23435,68.23435,-1.2939453e-06,4.8030853,4.437881,3.3067536,5.499999,3.585407,1.5199211,3.4150712
61200,30.659315,67.18313,41.754967,82.65856,97.6547,38.73413,23.88492,21.89908,53.54236,49.47203,36.607735,37.415104,60.144005,58.938404,62.218033,51.19452,65.57211,68.587555,64.34523,67.73873,66.9925,64.0779,67.93028,61.076893,61.62244,21.28492,39.0241,22.46492,52.153996,60.14418,59.128536,75.44393,66.867676,52.078926,72.56987,46.35099,49.524452,53.34532,59.053013,61.080395,57.648796,63.279644,68.192154,56.375805,57.78246,60.527927,67.33366,32.987923,8.010088,61.69057,63.555298,32.97272,27.35273,24.746315,29.677965,45.94361,38.98312,67.35566,38.178177,51.84833,33.968285,54.214413,47.32818,46.944736,55.97161,52.888985,48.767334,59.6487,61.664787,48.46267,65.701324,69.6252,47.698364,47.13351,46.10221,22.5209,45.30233,41.66191,46.113056,47.803165,53.54864,37.044643,39.135517,62.76605,72.26827,54.12749,38.98541,39.999996,43.368423,59.564995,64.47322,57.438095,55.30182,66.14544,51.188683,27.706606,27.706532,39.652405,28.965874,36.256634,38.230625,70.503685,71.28294,45.342503,59.20496,70.34322,75.06404,70.64368,46.73228,72.56589,43.185688,48.187557,53.18149,42.649906,42.154675,57.2309,55.59373,58.607044,63.89714,70.73421,69.954506,39.23001,72.03732,32.608437,34.484108,29.637383,34.47993,39.157784,33.49036,44.080784,91.47561,83.4613,62.706543,86.877495,90.82644,77.7852,80.994705,85.23342,46.23745,61.93479,53.30226,56.39454,56.494156,31.368692,37.81273,37.080227,33.904015,25.476477,44.0434,80.97663,73.15906,43.548824,63.176003,82.69571,62.781338,81.70051,80.99015,67.83653,66.31325,73.06843,44.884537,60.44281,68.95966,61.163467,54.499924,37.7898,55.20232,41.13077,61.81866,60.66962,66.96921,61.327393,54.06134,54.101257,90.13274,54.976017,47.526836,43.32128,69.95794,58.67189,59.380558,49.50434,63.674484,59.811996,55.137665,54.234436,69.10975,52.019882,47.999775,61.54438,52.52845,62.79593,62.101543,63.16852,64.261314,68.887924,71.48834,65.002846,71.67173,70.94359,64.81046,62.63851,22.657417,46.76467,53.408894,44.498352,47.8547,72.94569,72.11756,38.55628,69.29611,60.811203,68.929344,67.032936,70.4378,64.41436,67.65947,68.29685,67.88484,69.13531,70.065285,29.83294,58.804646,37.95771,55.85362,23.04812,44.74121,29.507587,23.10977,45.807007,59.928196,63.21576,54.711643,54.43111,36.090115,68.73817,69.752945,35.80349,65.28294,70.28294,68.542946,48.21208,72.28294,73.276245,68.36685,6.0480595,27.622805,71.884384,54.433834,66.11332,65.52271,57.70977,64.553055,62.256977,64.669525,36.3729,56.215195,59.005222,58.49826,22.315811,65.09435,63.85239,50.08649,58.152393,60.64045,55.86848,64.39031,48.58669,30.519424,59.76577,61.198578,65.679665,43.17983,51.234226,49.736073,56.114155,46.653233,40.60622,40.17372,52.235878,57.696415,46.84664,44.07634,38.2041,37.442944,51.392944,57.532944,55.322945,49.342945,60.282944,60.282944,54.502266,61.55503,42.39188,60.174393,54.440804,39.934498,35.96355,64.510765,66.74603,39.944443,36.937828,34.94901,68.74694,33.89191,70.541046,37.93781,41.15141,29.877493,62.50493,82.46309,80.933105,79.42318,89.386055,94.99513,80.67854,74.01821,70.26893,62.038563,64.80993,77.22537,62.903194,80.05316,69.31689,45.558743,68.996216,71.01301,81.29433,81.95375,90.09794,85.70238,72.65556,92.7658,74.36204,85.44524,87.198395,37.240356,37.164406,34.959038,29.022802,49.46108,39.125805,55.78414,49.30342,68.59036,73.413086,34.970497,54.212086,34.888435,40.000004,53.122356,71.718445,67.77698,44.44553,54.455044,34.404305,70.525375,48.10364,70.52118,40.0,41.9812,48.156315,43.136623,74.73695,51.805454,48.73966,25.641287,25.649118,25.641287,2.9907575,2.9907575,2.9848788,20.823809,20.767147,20.786839,20.750645,82.66832,85.718315,20.707638,20.726995,22.14073,22.075962,82.917854,82.68119,21.961351,21.961351,67.95447,67.95447,-1.2939453e-06,5.1944194,4.3940187,3.1127934,5.499999,3.858702,0.6648291,3.280698
64800,30.476553,63.011703,34.054573,83.906006,98.236885,29.91432,29.365492,25.811995,53.500164,49.422787,36.447346,37.25696,56.452923,55.22169,58.740925,51.140617,65.51864,65.199036,61.034756,64.31329,63.35402,60.66497,64.54459,60.673866,57.552116,26.508778,30.039629,27.945494,48.456528,56.418537,55.393074,75.99098,67.38902,48.38205,73.14891,42.620964,42.73347,46.594444,59.039135,61.086536,57.655216,63.28769,64.33469,56.36818,51.93788,60.5348,67.59692,32.575558,7.8036733,58.17411,59.957844,32.85751,27.237453,24.955967,29.768732,46.21694,39.09821,67.67646,38.239986,51.74507,34.088238,54.051212,41.655174,41.262104,50.510834,47.326183,42.853527,55.098534,56.667767,41.764427,61.38458,53.18244,40.85282,47.06305,46.026493,19.402878,41.873272,38.219456,42.726284,44.509552,50.846043,37.81231,39.903034,63.02327,72.41379,53.575497,38.43344,39.999996,43.631275,59.72469,64.63596,57.107704,55.392067,66.26033,51.029587,27.934713,27.93463,39.48832,29.08687,36.30318,38.274437,54.060814,71.86765,41.590454,55.82289,53.90031,58.620396,54.2008,47.505707,73.328,42.78093,47.782993,52.774727,42.16975,41.767128,56.68659,55.08888,58.09649,63.448097,66.56718,65.785324,39.273758,67.85768,32.69191,34.554523,29.723888,34.54992,39.19396,33.56143,43.988956,75.0529,84.224236,63.241013,87.54334,91.49424,78.95984,82.76669,87.09273,45.84151,62.27548,53.64307,56.6736,56.773247,31.717964,34.150204,33.416378,33.7894,21.828175,43.945255,79.86166,72.43984,39.828945,62.76652,81.54935,63.061153,83.62966,81.98615,68.10517,66.74163,73.454155,41.140903,56.684284,69.23761,57.42963,50.754856,34.124847,51.172657,37.100765,57.790405,56.639355,67.249626,57.298847,50.03146,50.071358,77.39992,50.90457,43.453804,39.24578,65.789505,58.76542,59.47415,49.781544,63.956123,59.93344,55.224815,50.50085,69.48211,48.54762,44.52749,58.07755,49.06252,59.269573,58.62965,59.106777,60.631935,64.82278,67.425156,60.972725,67.6122,66.884476,60.776054,58.576794,22.476898,46.964443,53.631645,44.650513,48.054527,73.70962,68.72904,39.318325,69.5678,61.13787,64.86422,62.998856,66.27156,60.34908,63.4936,64.23267,63.819668,65.07286,66.00283,29.983097,58.89998,38.16149,56.035496,23.08396,44.81301,29.556292,22.940348,45.877884,59.759026,63.046215,54.530956,54.26328,35.906544,68.569,70.337654,35.617287,65.86765,70.86765,69.127655,48.121796,72.86765,73.26522,64.20229,5.8236175,27.438461,67.82173,54.381836,62.136436,61.545696,57.66382,60.524353,58.194893,60.64146,33.140743,52.487995,55.27803,54.782436,19.172617,61.440712,60.444313,46.791386,54.40704,56.908234,52.129173,61.434948,44.49276,26.43933,55.67195,57.1703,61.617767,37.499138,45.5794,44.176914,50.269955,40.853172,34.843254,34.465893,45.69578,52.891457,40.47205,37.361755,28.845493,38.027653,51.977654,58.117653,55.907654,49.927654,60.867653,60.867653,54.800667,61.89103,42.76184,60.54423,54.810818,39.93773,35.965343,64.880775,67.11578,39.947186,36.9409,34.95153,69.11666,33.893288,70.90093,37.94088,38.68069,28.147667,59.05153,69.72951,68.19953,66.689606,76.65271,82.26172,67.9462,61.285843,57.538223,49.307823,52.078495,64.49678,50.211243,67.40283,56.624435,32.860832,56.35734,56.274044,64.88431,65.54289,73.68421,69.04431,57.915997,76.3431,57.934235,69.0209,87.86585,37.28519,37.20127,34.867516,28.961866,49.406635,39.07114,55.730537,49.581627,64.52538,60.679512,35.089558,54.985546,34.893936,40.000004,53.46316,72.07894,67.87074,44.449203,54.458244,34.410004,70.832115,48.19717,70.82813,40.0,41.982132,48.24725,43.228527,74.70573,51.76205,48.55365,21.993504,22.002169,21.993504,2.9897714,2.9897714,2.983265,26.314604,26.314604,26.274313,26.234863,83.91665,69.04431,26.314604,26.314604,19.054472,18.993517,81.68419,81.4605,18.885645,18.885645,68.21742,68.21742,-1.2939453e-06,4.967736,3.9462042,2.8734777,5.499999,4.1101284,0.7693669,3.068869
68400,30.337482,62.8568,34.13029,83.92531,98.22837,30.062916,29.549175,26.044468,53.298492,49.22649,36.38209,37.18999,56.291195,55.068817,58.56075,50.97632,65.35401,64.98826,60.814804,64.10589,63.17578,60.463215,64.33284,61.037,57.43354,26.709175,30.198944,28.129175,48.305096,56.266083,55.244698,75.98101,67.37797,48.230595,73.14028,42.470234,43.410217,47.257336,58.78851,60.820618,57.389084,63.02031,64.17198,56.097683,52.199265,60.241337,66.78458,32.9464,7.7858324,58.00753,59.819244,32.76066,27.14066,25.163862,30.032429,46.299458,39.338894,67.7901,38.497505,52.052616,34.327305,54.37272,41.850697,41.460957,50.653973,47.481457,42.81291,54.96852,56.724815,42.409138,61.23923,55.149643,41.548412,46.890594,45.860523,19.245565,41.743702,38.09451,42.582104,44.333195,50.559845,36.59536,38.686195,62.99394,72.36815,54.04436,38.90237,39.999996,43.707073,59.723793,64.63701,57.460922,55.338272,66.21021,51.350163,28.136078,28.135994,39.794666,29.325573,36.60344,38.57695,56.028442,71.85926,41.439323,55.628654,55.86808,60.590797,56.168434,46.284355,72.11528,43.140778,48.142673,53.13567,42.585266,42.1201,57.147964,55.518353,58.527893,63.80202,66.41814,65.637024,39.576324,67.713,32.96163,34.835037,29.9911,34.830795,39.502796,33.841408,43.874256,76.94812,83.010895,62.20211,86.40413,90.35353,77.43216,80.78294,85.042305,46.19528,62.265247,53.632923,56.75984,56.859493,31.713238,34.052734,33.31887,33.691868,21.731112,43.814743,80.11999,72.76089,39.7295,63.128975,81.80261,63.147808,81.52592,80.594864,67.28172,66.7267,73.43744,40.990376,56.53181,68.394554,57.27769,50.60375,34.0273,51.06187,36.990097,57.67914,56.528778,67.33667,57.187675,49.92075,49.96066,79.48753,50.78628,43.3359,39.128395,65.640945,58.71662,59.425404,49.866543,64.04393,59.9048,55.171497,50.349716,69.464836,48.365772,44.345646,57.893826,48.87848,59.10641,58.447674,58.99037,60.504356,64.7124,67.316505,60.861534,67.50434,66.77648,60.663826,58.460373,22.33874,46.996788,53.67857,44.655933,48.086887,72.495514,68.518265,38.105663,68.726036,61.11869,64.75394,62.8881,66.122246,60.23852,63.34416,64.12004,63.709076,64.956696,65.88667,29.987747,58.85252,38.199482,56.052177,23.019266,44.75653,29.494314,22.80618,45.820343,59.629017,62.915966,54.393635,54.134113,35.76739,68.43899,70.32926,35.477734,65.85926,70.85926,69.11926,48.005913,72.85926,73.08882,64.05382,5.8242497,27.397963,67.70564,54.216087,62.027504,61.43681,57.493458,60.41296,58.078606,60.53013,32.973927,52.335777,55.125805,54.62825,19.014553,61.267273,60.244125,46.614864,54.255207,56.756218,51.97961,61.176296,44.367165,26.322672,55.54622,57.059036,61.501553,37.69756,45.78196,44.35028,50.531208,41.09918,35.07349,34.67458,46.285862,52.778156,40.461433,37.373264,29.029175,38.019264,51.96926,58.109264,55.89926,49.919262,60.859264,60.859264,54.777355,61.87223,42.770462,60.55277,54.819466,39.939774,35.966488,64.88943,67.12427,39.948925,36.942844,34.95312,69.125114,33.894173,70.903015,37.942825,38.369614,27.757072,58.863167,71.81989,70.2899,68.77997,78.74225,84.35152,70.03214,63.371883,59.6183,51.388016,54.161167,66.56926,52.15215,69.1943,58.567154,34.82314,58.10769,58.091793,66.73393,67.395546,75.54716,70.89393,59.735897,78.23828,59.847736,70.921974,86.72541,37.586864,37.50954,34.752575,28.899601,49.34849,39.012844,55.672928,49.66728,64.41508,62.769894,35.32893,53.76417,34.89743,40.000004,53.453007,72.08143,67.8221,44.451538,54.46028,34.413624,70.93587,48.256523,70.93201,40.0,41.982716,48.30496,43.286858,74.52413,51.589745,48.414207,21.896454,21.905138,21.896454,2.9897482,2.9897482,2.983223,26.514364,26.514364,26.473932,26.43435,83.93598,70.89393,26.514364,26.514364,18.897505,18.83577,81.918884,81.69795,18.726515,18.726515,67.37745,67.37745,-1.2939453e-06,4.4694314,3.4179294,2.8893745,5.499999,4.303205,1.0950308,2.9245524
72000,30.215387,63.37685,34.519775,83.69481,97.91134,30.4188,29.890703,26.370127,53.24082,49.1707,36.239887,37.04719,57.12005,55.868824,58.971752,50.848515,65.2261,65.49896,61.303688,64.634,63.719097,61.323727,64.84671,54.712418,57.839134,27.04401,30.55024,28.470703,49.60527,57.26751,56.262226,75.65942,67.053024,49.534187,72.82284,43.57069,41.27298,45.165234,58.79396,60.82074,57.38913,63.019928,64.70515,56.140686,51.47174,60.311222,67.62389,26.631325,7.627721,58.374245,60.094807,32.601013,26.981014,24.533417,28.176449,45.58792,37.38583,66.98713,36.06438,48.21385,32.426376,50.066246,41.342068,40.941486,50.30216,47.105408,43.258556,55.471546,56.606503,40.376266,61.752686,54.928642,39.349766,46.820972,45.78597,25.60481,44.613304,40.94904,45.499306,47.35523,50.849655,37.350857,39.441742,62.658295,72.056015,47.58401,32.443237,39.999996,43.01533,59.26331,64.170815,51.785892,55.038048,65.90455,47.076225,27.810692,27.810617,35.45078,27.43885,34.792442,36.768734,55.80748,71.54256,42.422855,57.090992,55.647125,60.370064,55.947468,47.03833,72.87227,36.756516,41.75821,46.73859,36.15792,35.839664,50.66129,48.98181,51.972816,56.791416,66.920044,66.13651,37.768177,68.20071,31.113075,32.99976,28.139456,32.995956,37.702354,32.005463,43.708363,76.72127,83.767654,63.019733,87.18676,91.13564,78.07926,81.27091,85.50702,39.828644,61.888573,53.256016,56.03736,56.13698,31.320332,34.38861,33.654892,33.532578,22.065607,43.698723,62.90768,61.755486,40.07207,56.712353,64.09699,62.42407,81.97202,81.28954,68.137764,66.389656,73.09486,42.02036,57.467793,69.28052,58.272907,51.600548,34.36344,51.442596,37.37044,58.061443,56.908833,66.6118,57.569668,50.301235,50.341118,79.27634,51.19098,43.739346,39.530212,66.14129,58.400425,59.109085,49.147694,63.316788,59.52794,54.8689,51.38764,69.120514,48.782227,44.762077,58.31639,49.302063,59.46199,58.86454,59.38898,60.743988,65.092804,67.69135,61.24364,67.87647,67.14908,61.04921,58.859123,22.215305,46.434467,53.07321,44.171463,47.524532,73.25202,69.02896,38.86267,69.622795,60.768425,65.13405,63.268894,66.62505,60.619495,63.847378,64.50733,64.09017,65.3545,66.28448,29.505367,58.53228,37.619217,55.53815,22.739702,44.46016,29.20942,22.674309,45.52706,59.48014,62.767788,54.26633,53.982727,35.64549,68.29011,70.01256,35.357033,65.54256,70.54256,68.80256,47.839607,72.54256,72.90141,64.554054,5.655553,27.247087,68.10322,54.08778,62.402042,61.811195,57.36353,60.795677,58.476826,60.912647,37.34661,53.33371,56.12375,55.639168,25.051332,61.88512,61.21257,49.654213,55.229767,57.752388,52.9678,61.54866,44.795013,26.72219,55.97448,57.441322,61.8996,37.179344,45.241615,43.902485,49.804108,40.421757,34.449375,34.12235,44.430973,53.2703,40.892418,37.79392,29.370703,37.702557,51.652557,57.792557,55.582558,49.60256,60.542557,60.542557,54.43304,61.523182,42.338276,60.120815,54.387177,39.933727,35.96312,64.457146,66.69247,39.94379,36.937103,34.948414,68.69339,33.891575,70.49006,37.937077,38.578903,27.711475,59.300842,71.608925,70.07894,68.56899,78.53121,84.140495,69.82081,63.160557,59.40649,51.176212,53.949574,66.356834,51.92902,68.959,58.344162,34.601738,57.869053,57.858635,66.503365,67.16523,75.31767,70.66337,59.502914,78.01142,59.62237,70.69561,87.50761,35.777607,35.708393,34.5866,28.552143,48.988876,38.653656,55.31174,48.946514,64.79527,62.55892,33.416367,54.518135,34.887127,40.000004,53.076107,71.6673,67.50545,44.444653,54.45428,34.402935,70.161674,48.081318,70.15743,40.0,41.980976,48.134617,43.11468,74.39028,51.45914,48.293156,22.2309,22.239513,22.2309,2.9898365,2.9898365,2.9833717,26.847221,26.847221,26.80636,26.766352,83.705605,70.66337,26.847221,26.847221,25.641237,25.57293,62.726994,62.726994,25.45205,25.45205,68.28926,68.28926,-1.2939453e-06,4.047792,2.934703,2.7117016,5.499999,4.3852744,1.3940403,2.8170056
75600,30.021893,63.59044,34.801624,83.6089,97.767685,30.709658,30.182907,26.665514,53.703426,49.622673,36.358837,37.169525,57.348885,56.138363,59.243076,51.22087,65.5991,65.629616,61.41668,64.76662,63.89621,61.47533,64.972885,54.29977,58.1742,27.33662,30.841839,28.762909,49.86798,57.52494,56.535057,75.5127,66.90409,49.79686,72.67892,43.833344,45.221634,49.0502,59.364204,61.421196,57.990005,63.62326,64.905365,56.747486,53.420795,60.97266,69.40504,26.22867,7.589891,58.708054,60.557224,32.740482,27.119144,23.773407,27.583527,45.39013,36.76713,66.785286,35.485264,47.739468,31.802685,49.61003,42.98144,42.596153,51.722984,48.55743,43.52191,55.69731,57.706554,44.177666,61.971043,54.109722,43.385067,47.194427,46.1435,25.909964,45.068398,41.4254,45.88724,47.595245,50.85456,39.937157,42.027805,62.488075,71.87874,47.310318,32.169636,39.999996,42.818253,59.076065,63.983383,51.364204,54.85729,65.725334,46.618786,27.016546,27.016481,34.94722,26.813623,34.24681,36.22602,54.988487,71.399124,42.682034,57.26856,54.828114,59.550617,55.128487,49.633305,75.45019,36.338448,41.339935,46.322727,35.81356,35.411354,50.37808,48.659134,51.651245,56.369053,67.15501,66.37489,37.22553,68.455696,30.527967,32.428604,27.5511,32.425266,37.16782,31.433601,43.881893,75.91415,86.34681,65.25415,89.6194,93.57125,81.27964,85.37266,89.74054,39.40169,61.72183,53.08926,55.83913,55.938747,31.153011,34.725494,33.991867,33.675003,22.401241,44.004322,62.493156,61.337536,40.412586,56.299717,63.682564,62.225864,86.31093,84.220375,69.94284,66.232666,72.93415,42.282482,57.72144,71.12786,58.532757,51.861073,34.70051,51.800194,37.728577,58.416805,57.267376,66.41356,57.92548,50.659172,50.69908,78.43769,51.527374,44.07763,39.871017,66.37846,58.218746,58.927395,48.94965,63.118473,59.34392,54.68773,51.64947,68.95865,49.045856,45.025745,58.5714,49.55564,59.811512,59.127586,59.730953,61.257107,65.458595,68.06359,61.59965,68.25124,67.52319,61.402016,59.200928,22.021883,46.24262,52.879986,43.981537,47.332695,75.83267,69.159615,41.440475,71.46732,60.602592,65.50019,63.627388,66.85874,60.9846,64.08049,64.86422,64.4551,65.69761,66.62759,29.315435,58.35044,37.426067,55.3486,22.556076,44.278225,29.026443,22.4814,45.345257,59.28578,62.573456,54.07266,53.788296,35.451996,68.09574,69.869125,35.163483,65.399124,70.399124,68.65913,48.01547,72.399124,73.19685,64.79055,5.573865,27.287077,68.44665,54.463,62.756363,62.16573,57.747887,61.150623,58.819344,61.267704,37.617565,53.59275,56.38278,55.89003,25.352272,62.07756,61.369522,49.893757,55.48801,58.012234,53.238907,61.598633,45.10722,27.066807,56.286125,57.796715,62.242325,38.832268,46.927452,45.45824,51.752567,42.30012,36.252155,35.82338,47.981247,53.503345,41.160828,38.06527,29.662909,37.559124,51.509125,57.649124,55.439125,49.45912,60.399124,60.399124,54.265423,61.35816,42.169456,59.952015,54.21836,39.933533,35.96301,64.28833,66.52366,39.943634,36.936916,34.948257,68.52459,33.89149,70.322,37.93689,38.54289,27.543291,59.53453,70.76982,69.23983,67.7299,77.69224,83.30148,68.98243,62.322163,58.569073,50.338776,53.111725,65.52066,51.114407,68.16888,57.529263,33.78362,57.085667,57.06421,65.70371,66.36508,74.51585,69.863716,58.708126,77.20431,58.812256,69.88752,89.942696,35.233807,35.173115,34.7606,28.351559,48.787903,38.4527,55.110714,48.748386,65.16128,61.71982,32.793903,57.113167,34.88679,40.000004,52.909344,71.499214,67.32376,44.44443,54.454086,34.40259,69.96186,48.075718,69.9576,40.0,41.980923,48.129166,43.109184,74.79685,51.84734,48.099594,22.566488,22.575018,22.566488,2.9899294,2.9899294,2.9835207,27.138515,27.138515,27.097364,27.05708,83.61977,69.863716,27.138515,27.138515,25.949972,25.883371,62.31256,62.31256,25.765514,25.765514,70.12988,70.12988,-1.2939453e-06,3.6329148,2.5357833,2.590295,5.499999,3.545,1.6974916,2.6229336
79200,29.870506,63.603516,34.973984,84.572395,98.840416,30.927076,30.420769,26.926638,53.633926,49.55888,36.495228,37.304096,57.368515,56.178326,59.282204,51.20489,65.58277,65.598465,61.375652,64.737015,63.892334,61.452133,64.9395,52.820484,58.262077,27.584131,31.065645,29.000769,49.900127,57.557407,56.575176,76.59121,67.98681,49.828953,73.75216,43.867466,47.112236,50.908997,59.23343,61.27417,57.84276,63.47468,64.91372,56.598293,54.32157,60.790756,68.58983,24.733114,7.8279877,58.7784,60.69182,32.87843,27.258196,22.859947,26.397896,47.701176,35.623493,69.44044,34.27715,46.36076,30.667173,48.201717,43.728153,43.350506,52.35851,49.21076,43.620674,55.729595,58.174065,45.994705,61.991528,54.98501,45.31896,47.18492,46.143623,25.911596,45.176308,41.54394,45.961605,47.59571,50.751057,38.68699,40.777763,63.526073,72.793396,45.6047,30.463861,39.999996,45.057663,60.491684,65.41929,49.899654,55.709877,66.60613,45.21247,26.158691,26.158617,33.616028,25.680614,32.984154,34.95861,55.864006,72.471436,42.715553,57.252644,55.703697,60.427597,56.003998,48.37847,74.20452,34.868008,39.86983,44.84869,34.223053,33.957592,48.687958,47.033306,50.023613,54.905605,67.18102,66.40261,35.958008,68.49172,29.329622,31.207527,26.358038,31.203424,35.88709,30.213665,44.001907,76.75137,85.10049,64.19328,88.4519,92.40215,79.69911,83.30722,87.6042,37.945717,62.9316,54.29986,58.190514,58.29026,32.421513,34.82533,34.09173,33.810875,22.500734,44.024254,61.01694,59.866894,40.51303,54.82042,62.206196,64.58061,84.1179,82.78485,69.11409,67.33064,74.03913,42.317043,57.75261,70.27522,58.566372,51.895107,34.800392,51.9023,37.830956,58.517796,57.369957,68.77229,58.02669,50.761448,50.80138,79.37665,51.61595,44.16718,39.96191,66.40558,59.126976,59.836067,51.287003,65.48532,60.465538,55.548096,51.68374,70.06583,49.081142,45.061043,58.60237,49.5859,59.88971,59.16258,59.823185,61.417027,65.56611,68.17464,61.701008,68.36346,67.63508,61.501354,59.29299,21.890776,48.01442,54.804688,45.473587,49.104465,74.58554,69.12846,40.194878,70.61625,61.717278,65.60793,63.73018,66.88413,61.091747,64.10558,64.966194,64.562164,65.790405,66.72039,30.79981,59.272903,39.263042,56.951683,23.31014,45.1105,29.805643,22.400045,46.164574,59.226288,62.51148,53.93654,53.737694,35.296673,68.03626,70.94144,35.00429,66.471436,71.471436,69.73144,48.134224,73.471436,73.25128,64.817726,5.846109,27.474237,68.53961,54.445477,62.8581,62.267574,57.725452,61.25138,58.91185,61.368546,37.620922,53.62601,56.41603,55.91914,25.354946,62.080738,61.347977,49.893837,55.521076,58.045834,53.278122,61.521168,45.181046,27.159737,56.35956,57.897717,62.33508,39.585728,47.696087,46.16153,52.65304,43.16558,37.08014,36.60078,49.672832,53.548157,41.278675,38.196873,29.900768,38.63144,52.58144,58.72144,56.51144,50.53144,61.47144,61.47144,55.3489,62.47131,43.581482,61.363205,55.630737,39.955036,35.97498,65.700714,67.934326,39.961864,36.957325,34.965,69.93495,33.90071,71.66315,37.957306,38.415802,27.340178,59.554848,71.710236,70.180244,68.6703,78.63221,84.24159,69.92051,63.26028,59.504047,51.273808,54.04807,66.45162,51.97579,68.95125,58.3916,34.656322,57.84629,57.860466,66.51682,67.179794,75.336,70.67683,59.505527,78.041504,59.65914,70.727844,88.77387,33.968174,33.893593,34.880363,29.016375,49.495953,39.1592,55.824326,51.09289,65.26894,62.660236,31.656393,55.858303,34.923412,40.000004,54.119923,72.84449,68.23361,44.468876,54.475414,34.44058,72.49584,48.698227,72.49296,40.0,41.9871,48.734394,43.720867,74.762474,51.822838,47.94166,22.66597,22.674473,22.66597,2.9899576,2.9899576,2.9835672,27.38852,27.38852,27.347912,27.308157,84.583115,70.67683,27.38852,27.38852,25.94962,25.882074,60.836197,60.836197,25.762537,25.762537,69.280975,69.280975,-1.2939453e-06,3.204513,2.2001107,2.8940346,5.499999,2.7622757,1.9981663,2.4323406
82800,30.029985,63.38714,34.592625,84.62276,99.02139,30.486946,29.950792,26.59803,54.386353,50.3017,36.893307,37.705235,57.16851,55.988594,59.09731,51.87063,66.24909,65.37807,61.1523,64.516304,63.675137,61.240356,64.71797,53.197224,58.097256,27.099817,30.616566,28.530792,49.714676,57.366676,56.388973,76.779076,68.179726,49.64353,73.93375,43.679188,47.8239,51.60458,60.083954,62.152004,58.72098,64.35513,64.697296,57.47332,54.50716,61.720913,70.51587,25.13907,8.040858,58.60927,60.55515,33.249336,27.62623,22.22006,26.247023,48.063343,35.39717,69.81629,34.166664,46.556786,30.426239,48.45094,43.833836,43.46005,52.414814,49.26857,43.33107,55.497936,58.16685,46.6692,61.769318,71.50588,46.05248,47.8243,46.76628,25.797678,45.066765,41.439766,45.835114,47.43189,50.51252,41.339897,43.430466,63.760452,73.032974,46.388084,31.247536,39.999996,45.41459,60.785107,65.714516,50.249912,55.951912,66.84714,45.458103,25.418877,25.418829,33.726673,25.435186,32.971672,34.954666,72.3847,72.65191,42.524437,57.054573,72.224335,76.94713,72.52469,51.03923,76.84986,35.228844,40.23006,45.21599,34.799614,34.288467,49.443493,47.673332,50.666885,55.253872,66.97281,66.19527,35.95427,68.28856,29.201582,31.120333,26.220503,31.117607,35.90707,30.124414,44.401928,93.30241,87.746925,66.528015,90.96587,94.91881,82.90729,87.33042,91.74657,38.28057,63.17013,54.538467,58.555,58.65475,32.664333,34.689922,33.95627,34.18619,22.365887,44.62963,61.388172,60.228107,40.37489,55.197178,62.57768,64.946396,88.35556,85.749306,71.061386,67.54181,74.25868,42.127556,57.559105,72.25996,58.37589,51.70468,34.66487,51.748398,37.67719,58.363327,57.21629,69.13843,57.872337,50.607635,50.64757,91.34414,51.45148,44.003204,39.798595,66.19792,59.374756,60.08388,51.651222,65.85219,60.732517,55.79155,51.4944,70.288,48.894302,44.874218,58.413357,49.396523,59.724545,58.975594,59.66156,61.293148,65.41401,68.02471,61.546677,68.21433,67.48579,61.345543,59.131207,22.053194,48.33861,55.142536,45.773037,49.428864,77.233345,68.90807,42.84011,72.597145,61.948418,65.45596,63.576523,66.6756,60.939415,63.896896,64.81066,64.40979,65.62906,66.559044,31.098684,59.52195,39.589657,57.261654,23.550173,45.35335,30.046364,22.56705,46.406105,59.393673,62.67864,54.097076,53.905876,35.455494,68.20365,71.12191,35.162376,66.65191,71.65191,69.91191,48.536366,73.65191,73.76154,64.6104,5.9819517,27.780321,68.37834,55.113808,62.706867,62.116398,58.402042,61.096752,58.75036,61.214,37.478477,53.4355,56.225517,55.727077,25.236536,61.868526,61.138866,49.729885,55.329666,57.855377,53.09051,61.288982,45.006306,26.997396,56.184566,57.74326,62.173782,39.694893,47.817146,46.250835,52.83848,43.33333,37.228035,36.72233,50.283962,53.30579,40.96554,37.865967,29.430792,38.811913,52.761913,58.901913,56.691914,50.71191,61.651913,61.651913,55.58136,62.700626,43.833607,61.61526,55.88289,39.956955,35.97604,65.95287,68.18633,39.963493,36.95915,34.9665,70.18693,33.90154,71.911224,37.95913,38.171333,27.076357,59.360455,83.67657,82.14658,80.63664,90.5989,96.208176,81.888695,75.22844,71.47469,63.244408,66.01763,78.425446,64.004745,81.04282,70.41981,46.676323,69.95509,72.45417,83.08697,83.74867,91.90056,87.52823,74.09833,94.59256,76.202515,87.27642,91.290054,33.96104,33.911396,35.28081,29.249914,49.733353,39.39647,56.062225,51.457466,65.11694,74.626564,31.419058,58.519108,34.926685,40.000004,54.35852,73.09294,68.48152,44.47106,54.477314,34.443966,72.87763,48.753853,72.87488,40.0,41.987648,48.788464,43.775524,75.45914,52.5029,48.099865,22.531132,22.53967,22.531132,2.9899201,2.9899201,2.9835067,26.592493,26.528246,26.552538,26.513424,84.6333,87.546295,26.460772,26.48272,25.840607,25.775393,61.20768,61.20768,25.659985,25.659985,71.25653,71.25653,-1.2939453e-06,3.2211819,1.9022545,2.9593143,5.499999,1.8874733,2.1218984,2.5850847
86400,30.269943,62.59359,34.230305,85.605095,100.174904,30.25587,29.781755,26.469662,55.518406,51.42383,37.74359,38.558678,56.119026,54.96588,58.37575,52.982094,67.36115,64.56399,60.347046,63.692333,62.861313,60.113815,63.900944,60.554348,57.465538,26.960253,30.404573,28.361755,48.24004,56.168476,55.18253,77.94163,69.34889,48.16563,75.088066,42.391724,49.52585,53.264652,61.245743,63.34196,59.91134,65.547775,63.89128,58.611996,54.918247,62.889706,71.825134,32.509766,8.697125,57.92881,59.959282,33.978455,28.3484,22.762585,28.18642,49.867992,37.368435,71.78896,36.72141,50.84871,32.337193,53.33396,44.042904,43.679173,52.47515,49.354946,42.757885,54.752853,57.9952,48.274303,60.9944,73.674774,47.811424,48.831444,47.760056,19.485336,42.08065,38.467648,42.804832,44.304317,49.800327,43.344994,45.435337,64.94261,74.15549,54.204006,39.06222,39.999996,47.183933,62.15426,67.093704,56.82845,57.044205,67.95326,50.300205,25.643347,25.643309,38.641636,27.330662,34.975334,36.962303,74.55398,73.80477,41.342785,55.37169,74.393745,79.11897,74.69398,53.052418,78.847145,42.649628,47.650566,52.650314,42.42189,41.57604,57.264748,55.421864,58.468975,63.34165,66.20508,65.42978,37.961998,67.534004,31.151585,33.0893,28.166086,33.087208,37.925823,32.092434,45.1571,95.404755,89.74535,68.205,92.8277,96.7834,85.48497,90.74859,95.2876,45.66705,64.43629,55.80504,60.37943,60.47925,33.959435,34.16086,33.426987,34.922836,21.838974,45.67884,80.024704,72.481064,39.835674,62.650352,81.72152,66.77264,91.99485,88.075645,72.3733,68.73489,75.46274,40.90547,56.417084,73.57602,57.18273,50.511467,34.135414,51.151104,37.080257,57.76457,56.61963,70.96664,57.273876,50.01057,50.050526,93.7027,50.820732,43.373795,39.171005,65.43165,60.495556,61.204895,53.468853,67.68441,61.9578,56.888863,50.26398,71.49549,48.167686,44.147625,57.681065,48.66329,59.05443,58.248592,59.04004,60.73063,64.8225,67.4395,60.94829,67.6312,66.90222,60.742496,58.509026,22.320814,49.879356,56.75896,47.173187,50.969753,79.23318,68.09399,44.8373,73.89814,63.167664,64.86488,62.980125,65.90704,60.34724,63.127953,64.208496,63.817505,65.008286,65.93828,32.495438,60.649704,41.16059,58.721695,24.585346,46.435535,31.096392,22.879496,47.479435,59.675003,62.958744,54.340485,54.19161,35.689404,68.484985,72.27477,35.38946,67.80477,72.80477,71.06477,49.293716,74.80477,74.6304,63.845764,6.499092,28.53593,67.75778,56.227936,62.119595,61.529266,59.5247,60.497517,58.129196,60.615044,33.066624,52.238853,55.028866,54.52168,19.233204,60.993984,59.91327,46.58257,54.154907,56.661224,51.90376,60.53825,44.3436,26.372524,55.521027,57.144524,61.55333,39.912815,48.053555,46.40079,53.249172,43.697918,37.543667,36.971672,51.723896,52.59293,40.446796,37.387085,29.261755,39.96477,53.914772,60.05477,57.844772,51.864773,62.80477,62.80477,56.78551,63.917473,45.199265,62.98051,57.248734,39.967594,35.981968,67.31871,69.551315,39.972527,36.96925,34.974777,71.551765,33.906105,73.24211,37.969242,37.49891,26.529232,58.614143,86.0377,84.507706,82.99774,92.95924,98.568756,84.24573,77.58555,73.8263,65.596115,68.37163,80.77003,66.22767,83.12756,72.644394,48.91902,72.001816,74.529076,85.14713,85.811646,93.97306,89.57027,76.17521,96.694855,78.321754,89.38418,93.15415,35.967186,35.929134,36.036423,29.911455,50.416298,40.078632,56.747917,53.278584,64.525764,76.98769,33.342857,60.532345,34.944817,40.000004,55.625088,74.42588,69.60313,44.483162,54.48787,34.462765,74.79257,49.061947,74.7905,40.0,41.990696,49.08801,44.07826,76.60251,53.629128,48.32757,22.004303,22.012964,22.004303,2.9897761,2.9897761,2.9832695,26.47257,26.412462,26.43347,26.39519,85.61542,89.58718,26.349337,26.36987,19.157484,19.101433,81.85322,81.63,19.002234,19.002234,72.53653,72.53653,-1.2939453e-06,3.66602,1.5693725,3.3500998,5.499999,1.6915691,2.0260437,2.7626274
